,Metervraag aardgas,Metervraag aardgas,Metervraag elektriciteit,Metervraag elektriciteit,Metervraag warmtenet,Metervraag warmtenet,Metervraag waterstof,Metervraag waterstof,Metervraag biomassa,Metervraag biomassa,Metervraag olie,Metervraag aardgas,Metervraag elektriciteit,Metervraag elektriciteit,Metervraag totaal,Metervraag totaal,Metervraag totaal,Metervraag totaal,Metervraag totaal,Metervraag totaal,Metervraag totaal
,warm tapwater,ruimteverwarming,warm tapwater,ruimteverwarming,warm tapwater,ruimteverwarming,warm tapwater,ruimteverwarming,warm tapwater,ruimteverwarming,ruimteverwarming,koken,koken,hulpvraag,aardgas,elektriciteit,warmtenet,waterstof,biomassa,olie,totaal
geo_id,,,,,,,,,,,,,,,,,,,,,
GM0014,758683.9,3574719.6,20475.5,26213.6,12237.4,74745.4,0.0,0.0,0.0,77309.4,0.0,95207.8,2560.5,17018.7,4428994.9,66223.4,86970.1,0.0,77306.1,0.0,4659791.3
GM0034,573796.9,2815597.7,10498.3,11975.7,6320.8,43228.0,0.0,0.0,0.0,50877.8,0.0,73298.3,1338.8,14161.800000000001,3462946.1,37967.8,49548.9,0.0,50874.7,0.0,3601384.8
GM0037,97829.5,529695.9,3674.4,5213.5,0.0,0.0,0.0,0.0,0.0,15798.8,0.0,12266.9,331.2,2631.4,639803.4,11843.5,0.0,0.0,15797.6,0.0,667428.0
GM0047,83469.1,438467.4,3355.2,4813.5,0.0,0.0,0.0,0.0,0.0,13385.9,0.0,10420.6,304.1,2189.8,532355.2,10655.4,0.0,0.0,13384.9,0.0,556387.8
GM0050,55634.0,288023.4,2690.6,3799.6,0.0,0.0,0.0,0.0,0.0,10335.0,0.0,6908.400000000001,254.3,1451.4,350583.0,8190.9,0.0,0.0,10333.7,0.0,369111.8
GM0059,78135.6,406169.2,3332.7999999999997,4707.1,0.0,0.0,0.0,0.0,0.0,13328.5,0.0,9742.8,302.0,2070.1,494050.0,10406.2,0.0,0.0,13327.4,0.0,517772.1
GM0060,10549.6,59611.7,877.7,564.9,0.0,0.0,0.0,0.0,0.0,5988.1,0.0,1340.6000000000001,67.7,290.90000000000003,71503.6,1797.8,0.0,0.0,5987.4,0.0,79285.1
GM0072,49207.6,256325.3,2656.6,3859.2,0.0,0.0,0.0,0.0,0.0,10126.8,0.0,6117.1,251.70000000000002,1272.9,311680.3,8036.8,0.0,0.0,10125.4,0.0,329845.1
GM0074,152841.7,847536.7,5052.3,7759.5,149.8,1058.4,0.0,0.0,0.0,22510.6,0.0,19202.1,468.1,4133.7,1019609.5,17404.0,1207.9,0.0,22508.6,0.0,1060744.3
GM0080,416412.6,2093197.7,8136.0,10887.5,3492.0,23859.2,0.0,0.0,0.0,38852.4,0.0,53175.5,952.1,10317.9,2562964.4,30285.9,27352.4,0.0,38849.7,0.0,2659491.0
GM0085,73435.5,374241.9,3308.6,4560.1,0.0,0.0,0.0,0.0,0.0,13164.2,0.0,9161.4,300.3,1912.0,456843.7,10075.9,0.0,0.0,13163.2,0.0,480077.6
GM0086,84896.5,446735.9,3361.1,4765.1,0.0,0.0,0.0,0.0,0.0,13441.9,0.0,10606.1,304.5,2256.6,542237.8,10680.7,0.0,0.0,13441.0,0.0,566353.4
GM0088,3533.3,21249.7,393.09999999999997,0.0,0.0,0.0,0.0,0.0,0.0,3015.6,0.0,461.3,26.3,102.3,25247.0,521.9,0.0,0.0,3015.5,0.0,28782.3
GM0090,166670.7,917291.8,5190.3,7907.2,268.8,1988.6,0.0,0.0,0.0,23343.7,0.0,20975.3,486.8,4511.5,1104976.6,18089.8,2256.6,0.0,23341.7,0.0,1148684.2
GM0093,14186.0,79599.8,930.3,595.6,0.0,0.0,0.0,0.0,0.0,6651.4,0.0,1804.9,71.5,392.2,95588.4,1987.0,0.0,0.0,6650.6,0.0,104224.4
GM0096,3631.5,21960.5,393.09999999999997,0.0,0.0,0.0,0.0,0.0,0.0,3015.6,0.0,475.0,26.3,105.0,26069.6,524.6,0.0,0.0,3015.5,0.0,29607.8
GM0098,74880.3,384870.2,3311.2,4544.7,0.0,0.0,0.0,0.0,0.0,13164.2,0.0,9330.6,300.6,1953.6000000000001,469084.5,10103.9,0.0,0.0,13163.2,0.0,492354.4
GM0106,213019.4,1134395.1,5703.6,8439.4,837.8,5893.6,0.0,0.0,0.0,25778.6,0.0,26956.5,570.0,5550.7,1374437.6,20257.1,6730.6,0.0,25777.0,0.0,1427229.1
GM0109,99734.6,544226.5,3728.7999999999997,5157.0,0.0,0.0,0.0,0.0,0.0,16391.7,0.0,12514.300000000001,335.0,2723.5,656487.4,11940.4,0.0,0.0,16390.5,0.0,684810.6
GM0114,326559.1,1670794.6,7113.3,9868.1,2327.8,15785.8,0.0,0.0,0.0,33303.3,0.0,41628.200000000004,788.9,8417.7,2039120.0,26178.4,18113.5,0.0,33300.1,0.0,2116719.3
GM0118,164910.9,907043.2,5180.5,7821.3,236.79999999999998,1723.0,0.0,0.0,0.0,23229.4,0.0,20754.7,484.1,4426.7,1092747.1,17905.2,1959.1000000000001,0.0,23227.4,0.0,1135859.8
GM0119,103639.8,571558.8,3807.0,4978.2,0.0,0.0,0.0,0.0,0.0,17190.0,0.0,13023.2,341.0,2793.7000000000003,688241.3,11917.1,0.0,0.0,17188.8,0.0,717352.3
GM0141,222023.0,1174963.5,5809.9,8725.5,938.1999999999999,6498.0,0.0,0.0,0.0,26262.8,0.0,28133.100000000002,585.6,5765.0,1425192.7,20879.8,7435.7,0.0,26261.1,0.0,1479785.8
GM0147,64773.0,330477.8,3037.2,4178.2,0.0,0.0,0.0,0.0,0.0,12623.9,0.0,8071.1,278.0,1670.3000000000002,403320.9,9153.2,0.0,0.0,12623.0,0.0,425097.1
GM0148,77468.4,400987.1,3332.7999999999997,4564.5,0.0,0.0,0.0,0.0,0.0,13328.5,0.0,9656.9,302.0,2037.2,488114.6,10229.4,0.0,0.0,13327.4,0.0,511663.5
GM0150,305449.6,1570328.9,6867.2,9802.6,1973.2,13232.4,0.0,0.0,0.0,31970.3,0.0,38916.200000000004,744.6,7744.0,1914820.2,25148.3,15205.9,0.0,31967.2,0.0,1987151.9
GM0153,500625.2,2485578.3,9318.7,11934.3,4917.4,33812.0,0.0,0.0,0.0,44933.6,0.0,63957.0,1147.1,12281.900000000001,3050383.3,34672.0,38729.0,0.0,44930.8,0.0,3168768.3
GM0158,67935.8,350210.4,3041.6,4173.0,0.0,0.0,0.0,0.0,0.0,12666.9,0.0,8477.4,278.3,1768.3000000000002,426612.1,9252.1,0.0,0.0,12666.0,0.0,448522.2
GM0160,162476.2,895522.8,5145.3,7965.7,218.2,1560.8,0.0,0.0,0.0,23100.4,0.0,20440.0,479.90000000000003,4433.1,1078476.7,18016.5,1778.5,0.0,23098.5,0.0,1121397.0
GM0163,96153.2,518186.2,3630.5,5078.8,0.0,0.0,0.0,0.0,0.0,15610.9,0.0,12052.800000000001,326.3,2595.3,626406.0,11626.2,0.0,0.0,15609.7,0.0,653637.2
GM0164,257086.9,1338524.7,6227.0,9128.4,1403.2,9536.2,0.0,0.0,0.0,28596.5,0.0,32689.2,652.8,6592.900000000001,1628399.5,22593.2,10939.3,0.0,28594.6,0.0,1690549.7
GM0166,146942.9,818821.6,4979.7,7753.1,94.2,626.2,0.0,0.0,0.0,21993.1,0.0,18441.0,458.6,4013.9,984229.4,17196.2,720.4,0.0,21991.3,0.0,1024134.1
GM0168,62927.3,321092.0,3037.2,4180.2,0.0,0.0,0.0,0.0,0.0,12623.9,0.0,7833.2,278.0,1629.7,391858.0,9115.4,0.0,0.0,12623.0,0.0,413591.7
GM0171,128597.5,719339.5,4540.1,6394.4,0.0,0.0,0.0,0.0,0.0,20094.7,0.0,16126.4,411.40000000000003,3550.4,864097.2,14894.4,0.0,0.0,20092.8,0.0,899094.8
GM0173,94511.8,506938.9,3573.7999999999997,5098.3,0.0,0.0,0.0,0.0,0.0,15037.9,0.0,11837.6,322.2,2511.7000000000003,613301.5,11500.1,0.0,0.0,15036.8,0.0,639834.1
GM0175,47015.8,249438.6,2656.6,4039.5,0.0,0.0,0.0,0.0,0.0,10126.8,0.0,5869.2,251.70000000000002,1241.3,302346.9,8182.1,0.0,0.0,10125.4,0.0,320657.3
GM0177,103346.4,569562.6,3807.0,5220.9,0.0,0.0,0.0,0.0,0.0,17190.0,0.0,12985.1,341.0,2839.5,685914.4,12202.7,0.0,0.0,17188.8,0.0,715301.1
GM0180,36640.2,190516.0,2388.5,3612.4,0.0,0.0,0.0,0.0,0.0,9678.9,0.0,4540.900000000001,223.3,964.5,231741.3,7182.3,0.0,0.0,9677.5,0.0,248588.8
GM0183,53956.2,280599.3,2690.6,4117.5,0.0,0.0,0.0,0.0,0.0,10335.0,0.0,6701.900000000001,254.3,1387.2,341277.6,8444.3,0.0,0.0,10333.7,0.0,360063.0
GM0184,41640.0,219853.6,2642.2,3987.7,0.0,0.0,0.0,0.0,0.0,9957.5,0.0,5178.2,250.5,1109.8,266711.1,7984.0,0.0,0.0,9956.1,0.0,284645.0
GM0189,63457.7,324463.7,3037.2,4147.9,0.0,0.0,0.0,0.0,0.0,12623.9,0.0,7901.5,278.0,1646.5,395825.8,9100.7,0.0,0.0,12623.0,0.0,417543.8
GM0193,393351.7,1986224.8,7866.3,10315.4,3234.2,22118.0,0.0,0.0,0.0,37397.1,0.0,50211.9,913.6,9787.0,2429953.7,28873.9,25353.9,0.0,37394.5,0.0,2521601.2
GM0197,77335.7,400132.7,3325.2999999999997,4694.5,0.0,0.0,0.0,0.0,0.0,13289.6,0.0,9640.0,301.5,2025.3000000000002,487110.4,10340.1,0.0,0.0,13288.5,0.0,510727.9
GM0200,488340.2,2428980.5,9134.8,11696.8,4688.2,32323.6,0.0,0.0,0.0,43781.3,0.0,62387.4,1116.9,12144.800000000001,2979924.8,34087.2,37011.4,0.0,43778.3,0.0,3094849.5
GM0202,512738.7,2540828.5,9532.4,12109.3,5163.6,35489.0,0.0,0.0,0.0,46090.9,0.0,65505.700000000004,1180.7,12274.1,3119302.3,35084.5,40652.3,0.0,46087.7,0.0,3241231.0
GM0203,149599.0,830512.1,5016.2,7596.7,115.0,731.8,0.0,0.0,0.0,22266.2,0.0,18786.8,463.1,4070.6000000000004,998924.5,17139.0,846.8,0.0,22264.3,0.0,1039189.6
GM0209,72552.2,368668.1,3304.4,4547.7,0.0,0.0,0.0,0.0,0.0,13164.2,0.0,9055.9,299.90000000000003,1868.4,450278.5,10014.1,0.0,0.0,13163.2,0.0,473445.8
GM0213,59926.2,307608.3,2701.7,4047.4,0.0,0.0,0.0,0.0,0.0,10413.3,0.0,7450.3,255.1,1561.8,374999.4,8561.4,0.0,0.0,10412.1,0.0,393974.9
GM0214,70491.8,361289.5,3308.6,4551.5,0.0,0.0,0.0,0.0,0.0,13164.2,0.0,8805.3,300.3,1847.8000000000002,440572.5,10003.6,0.0,0.0,13163.2,0.0,463733.4
GM0216,82125.5,430748.7,3355.2,4546.0,0.0,0.0,0.0,0.0,0.0,13385.9,0.0,10250.800000000001,304.1,2129.8,523118.9,10330.5,0.0,0.0,13384.9,0.0,546845.1
GM0221,34121.1,181347.8,1653.4,1960.7,0.0,0.0,0.0,0.0,0.0,9482.3,0.0,4273.8,146.8,906.7,219781.5,4663.9,0.0,0.0,9480.8,0.0,233909.3
GM0222,171181.3,941202.1,5227.6,7933.0,332.4,2439.6,0.0,0.0,0.0,23464.8,0.0,21553.2,494.8,4605.7,1133979.8,18252.3,2771.0,0.0,23462.7,0.0,1178488.1
GM0225,51159.5,264478.6,2675.5,4067.4,0.0,0.0,0.0,0.0,0.0,10251.9,0.0,6357.400000000001,253.0,1319.2,322024.1,8309.9,0.0,0.0,10250.4,0.0,340592.9
GM0226,69460.0,357685.0,3128.6,4205.2,0.0,0.0,0.0,0.0,0.0,12789.2,0.0,8668.6,285.90000000000003,1805.0,435802.5,9418.4,0.0,0.0,12788.2,0.0,458008.8
GM0228,330167.1,1688283.1,7149.9,9862.8,2358.4,15979.4,0.0,0.0,0.0,33530.1,0.0,42092.3,794.2,8353.1,2060682.3,26150.3,18338.0,0.0,33526.9,0.0,2138711.2
GM0230,61258.5,312793.0,2709.2999999999997,4105.3,0.0,0.0,0.0,0.0,0.0,10413.3,0.0,7620.2,255.9,1577.7,381680.4,8643.2,0.0,0.0,10412.1,0.0,400743.0
GM0232,94689.8,508104.4,3585.7999999999997,5104.6,0.0,0.0,0.0,0.0,0.0,15104.0,0.0,11861.300000000001,323.0,2532.7000000000003,614669.6,11538.9,0.0,0.0,15102.9,0.0,641297.9
GM0233,73059.0,371839.1,3308.6,4628.2,0.0,0.0,0.0,0.0,0.0,13164.2,0.0,9113.7,300.3,1858.4,454019.0,10090.5,0.0,0.0,13163.2,0.0,477272.2
GM0243,133289.1,750683.7,4652.8,6777.6,0.0,0.0,0.0,0.0,0.0,20762.2,0.0,16727.3,421.8,3612.4,900731.9,15462.6,0.0,0.0,20760.0,0.0,936959.4
GM0244,33882.1,180282.3,1653.4,2026.8,0.0,0.0,0.0,0.0,0.0,9482.3,0.0,4253.3,146.8,908.2,218456.9,4730.5,0.0,0.0,9480.8,0.0,232653.4
GM0246,50007.5,259183.4,2675.5,4046.5,0.0,0.0,0.0,0.0,0.0,10251.9,0.0,6219.8,253.0,1299.1000000000001,315441.7,8269.8,0.0,0.0,10250.4,0.0,333961.0
GM0252,44614.6,240522.1,2656.6,3997.1,0.0,0.0,0.0,0.0,0.0,10126.8,0.0,5569.900000000001,251.70000000000002,1189.2,290736.1,8088.9,0.0,0.0,10125.4,0.0,308953.6
GM0262,97485.0,527270.7,3648.7999999999997,5137.7,0.0,0.0,0.0,0.0,0.0,15656.6,0.0,12221.5,328.40000000000003,2625.5,636988.8,11735.6,0.0,0.0,15655.4,0.0,664377.2
GM0263,65493.4,334543.5,3037.2,4072.5,0.0,0.0,0.0,0.0,0.0,12623.9,0.0,8163.8,278.0,1710.8000000000002,408199.8,9089.1,0.0,0.0,12623.0,0.0,429907.2
GM0267,112241.3,632559.4,3901.7,5479.3,0.0,0.0,0.0,0.0,0.0,17738.7,0.0,14105.4,350.40000000000003,3110.9,758932.3,12837.8,0.0,0.0,17737.4,0.0,789510.1
GM0268,541369.2,2670996.3,9970.2,12442.1,5685.6,39012.0,0.0,0.0,0.0,48390.9,0.0,69154.40000000001,1252.0,13004.1,3281758.8,36658.4,44697.7,0.0,48387.6,0.0,3411583.2
GM0269,60221.9,309110.3,2701.7,4029.0,0.0,0.0,0.0,0.0,0.0,10413.3,0.0,7486.900000000001,255.1,1556.9,376833.5,8536.8,0.0,0.0,10412.1,0.0,395786.2
GM0273,63272.5,323092.9,3037.2,4132.5,0.0,0.0,0.0,0.0,0.0,12623.9,0.0,7878.1,278.0,1627.9,394246.8,9065.2,0.0,0.0,12623.0,0.0,415940.3
GM0274,96543.3,521087.1,3635.0,5144.8,0.0,0.0,0.0,0.0,0.0,15656.6,0.0,12102.0,326.6,2554.7000000000003,629745.1,11654.3,0.0,0.0,15655.4,0.0,657049.3
GM0275,136527.3,771600.0,4776.1,7547.5,0.0,0.0,0.0,0.0,0.0,21036.4,0.0,17096.9,434.0,3731.8,925240.8,16484.6,0.0,0.0,21034.5,0.0,962773.3
GM0277,4228.6,25455.9,398.5,0.0,0.0,0.0,0.0,0.0,0.0,3051.8,0.0,551.1,26.700000000000003,125.0,30236.0,550.3,0.0,0.0,3051.7000000000003,0.0,33835.4
GM0279,26095.9,140620.2,1584.9,1816.3,0.0,0.0,0.0,0.0,0.0,9082.6,0.0,3326.9,140.70000000000002,707.5,170078.5,4244.4,0.0,0.0,9080.9,0.0,183389.9
GM0281,118645.3,662497.4,4230.7,6230.3,0.0,0.0,0.0,0.0,0.0,17979.8,0.0,14862.1,385.5,3215.1,796042.5,14056.7,0.0,0.0,17978.1,0.0,828079.3
GM0285,69307.0,356873.1,3041.6,4167.4,0.0,0.0,0.0,0.0,0.0,12666.9,0.0,8649.2,278.3,1786.1000000000001,434819.0,9264.9,0.0,0.0,12666.0,0.0,456755.7
GM0289,117789.3,659462.9,3959.4,5643.6,0.0,0.0,0.0,0.0,0.0,17861.4,0.0,14757.0,356.7,3091.3,792042.9,13044.0,0.0,0.0,17860.1,0.0,822930.6
GM0293,41604.6,219042.9,2642.2,4123.1,0.0,0.0,0.0,0.0,0.0,9957.5,0.0,5175.7,250.5,1102.0,265862.1,8111.4,0.0,0.0,9956.1,0.0,283922.1
GM0294,84790.9,446063.0,3361.1,4847.9,0.0,0.0,0.0,0.0,0.0,13441.9,0.0,10593.2,304.5,2227.0,541446.2,10734.2,0.0,0.0,13441.0,0.0,565608.3
GM0296,118107.7,660617.6,4199.6,6147.4,0.0,0.0,0.0,0.0,0.0,17950.2,0.0,14795.4,382.0,3231.4,793555.0,13955.2,0.0,0.0,17948.6,0.0,825472.1
GM0297,75736.7,390360.6,3320.6,4561.2,0.0,0.0,0.0,0.0,0.0,13254.8,0.0,9435.7,301.2,1989.5,475536.7,10167.6,0.0,0.0,13253.8,0.0,498949.3
GM0299,130246.2,731215.4,4581.1,6606.0,0.0,0.0,0.0,0.0,0.0,20332.0,0.0,16335.4,415.5,3581.1000000000004,877831.1,15180.9,0.0,0.0,20330.0,0.0,913359.4
GM0301,145778.2,813025.2,4961.2,7469.2,68.2,434.6,0.0,0.0,0.0,21895.7,0.0,18289.9,455.1,3912.6000000000004,977117.7,16792.2,502.8,0.0,21893.9,0.0,1016321.3
GM0302,72380.6,367528.9,3308.6,4632.1,0.0,0.0,0.0,0.0,0.0,13164.2,0.0,9036.0,300.3,1864.9,448945.7,10098.9,0.0,0.0,13163.2,0.0,472194.9
GM0303,115069.2,649088.7,3924.2,5404.9,0.0,0.0,0.0,0.0,0.0,17738.7,0.0,14442.2,353.0,3201.9,778634.3,12877.8,0.0,0.0,17737.4,0.0,809249.3
GM0307,454551.2,2271309.7,8652.5,11040.4,4075.4,28062.4,0.0,0.0,0.0,41605.8,0.0,58065.1,1034.3,11191.1,2784125.7,31908.100000000002,32139.1,0.0,41602.7,0.0,2889826.3
GM0308,74997.9,385657.4,3311.2,4734.4,0.0,0.0,0.0,0.0,0.0,13164.2,0.0,9345.5,300.6,1903.9,470004.2,10243.2,0.0,0.0,13163.2,0.0,493408.4
GM0310,127228.2,710819.2,4482.4,6586.3,0.0,0.0,0.0,0.0,0.0,19727.9,0.0,15949.5,406.40000000000003,3424.9,854030.6,14894.2,0.0,0.0,19726.2,0.0,888643.7
GM0312,39774.1,208024.0,2632.0,3943.9,0.0,0.0,0.0,0.0,0.0,9936.8,0.0,4965.3,249.5,1044.6000000000001,252801.9,7866.1,0.0,0.0,9935.4,0.0,270598.5
GM0313,53491.8,278317.0,2690.6,4125.6,0.0,0.0,0.0,0.0,0.0,10335.0,0.0,6644.400000000001,254.3,1384.7,338476.1,8447.4,0.0,0.0,10333.7,0.0,357259.9
GM0317,25821.6,139519.3,1584.9,1730.4,0.0,0.0,0.0,0.0,0.0,9082.6,0.0,3292.2000000000003,140.70000000000002,707.7,168667.9,4160.3,0.0,0.0,9080.9,0.0,181891.4
GM0321,133319.9,750910.0,4652.8,6705.4,0.0,0.0,0.0,0.0,0.0,20762.2,0.0,16731.2,421.8,3648.8,900993.0,15425.1,0.0,0.0,20760.0,0.0,937185.4
GM0327,85801.1,451884.9,3361.1,4599.2,0.0,0.0,0.0,0.0,0.0,13441.9,0.0,10725.9,304.5,2268.1,548414.6,10529.9,0.0,0.0,13441.0,0.0,572372.3
GM0331,36603.7,190413.0,2008.0,2960.4,0.0,0.0,0.0,0.0,0.0,9633.5,0.0,4536.5,182.5,964.4000000000001,231597.4,6109.4,0.0,0.0,9632.1,0.0,247327.5
GM0335,36529.5,190037.0,1812.5,2348.8,0.0,0.0,0.0,0.0,0.0,9579.1,0.0,4527.5,162.0,957.6,231137.8,5276.2,0.0,0.0,9577.6,0.0,245983.3
GM0339,13209.7,74520.8,925.3,567.9,0.0,0.0,0.0,0.0,0.0,6601.1,0.0,1676.4,71.2,364.2,89409.7,1926.8,0.0,0.0,6600.3,0.0,97933.9
GM0340,51675.1,267097.1,2675.5,4120.5,0.0,0.0,0.0,0.0,0.0,10251.9,0.0,6420.8,253.0,1328.0,325221.4,8370.5,0.0,0.0,10250.4,0.0,343846.8
GM0342,134927.2,761941.1,4674.8,6967.5,0.0,0.0,0.0,0.0,0.0,20863.7,0.0,16921.0,424.0,3642.5,913812.0,15704.7,0.0,0.0,20861.6,0.0,950390.6
GM0344,941019.4,4379582.5,33228.1,51766.4,60258.8,403904.0,0.0,0.0,0.0,106190.6,0.0,117288.0,6901.5,21278.5,5438253.6,113122.0,464365.3,0.0,106188.8,0.0,6122126.2
GM0345,185936.6,1009412.9,5394.5,8235.0,451.59999999999997,3290.6,0.0,0.0,0.0,24261.0,0.0,23458.3,517.5,4845.8,1218858.3,18985.7,3741.3,0.0,24259.1,0.0,1265867.9
GM0351,34003.5,180708.4,1653.4,2000.9,0.0,0.0,0.0,0.0,0.0,9482.3,0.0,4265.400000000001,146.8,910.1,219015.7,4706.7,0.0,0.0,9480.8,0.0,233185.3
GM0352,65719.3,336534.9,3037.2,4144.1,0.0,0.0,0.0,0.0,0.0,12623.9,0.0,8192.8,278.0,1688.1000000000001,410445.7,9138.0,0.0,0.0,12623.0,0.0,432212.8
GM0353,93222.0,498405.7,3482.2,4972.9,0.0,0.0,0.0,0.0,0.0,14187.6,0.0,11668.5,314.90000000000003,2431.9,603309.2,11195.4,0.0,0.0,14186.4,0.0,628698.5
GM0355,192411.2,1039679.0,5462.3,8298.5,534.2,3943.8,0.0,0.0,0.0,24553.6,0.0,24289.9,528.9,4943.3,1256435.2,19227.6,4477.4,0.0,24551.6,0.0,1304722.7
GM0356,191506.0,1036188.9,5451.7,8337.5,517.0,3789.0,0.0,0.0,0.0,24517.7,0.0,24171.2,526.9,4968.7,1251919.6,19278.1,4305.4,0.0,24515.7,0.0,1300040.4
GM0358,86129.2,453273.9,3365.4,4843.0,0.0,0.0,0.0,0.0,0.0,13473.3,0.0,10769.2,304.8,2258.1,550174.7,10764.5,0.0,0.0,13472.4,0.0,574408.5
GM0361,341309.4,1740772.7,7318.5,10048.5,2477.0,16711.6,0.0,0.0,0.0,34302.8,0.0,43521.8,816.3,8522.5,2125750.1,26697.3,19188.8,0.0,34299.8,0.0,2205979.5
GM0362,279424.7,1445303.7,6513.4,9493.2,1692.2,11565.4,0.0,0.0,0.0,30073.4,0.0,35566.1,696.2,6874.900000000001,1760410.9,23569.9,13257.9,0.0,30071.0,0.0,1827332.7
GM0363,2596601.1,12748819.3,73046.5,122023.2,293107.2,1754737.0,0.0,0.0,0.0,263291.1,0.0,322653.8,25664.8,57611.700000000004,15668395.0,278201.7,2049180.7,0.0,263286.2,0.0,18259550.6
GM0373,98180.4,532230.3,3702.4,5160.2,0.0,0.0,0.0,0.0,0.0,16109.6,0.0,12312.800000000001,333.0,2604.0,642734.5,11790.7,0.0,0.0,16108.5,0.0,670637.7
GM0375,125930.8,702992.0,4461.5,6304.2,0.0,0.0,0.0,0.0,0.0,19598.5,0.0,15787.1,404.40000000000003,3355.3,844744.5,14520.4,0.0,0.0,19596.8,0.0,878833.1
GM0376,33144.3,177411.5,1650.2,1875.3,0.0,0.0,0.0,0.0,0.0,9482.3,0.0,4180.6,146.4,894.6,214776.8,4563.6,0.0,0.0,9480.8,0.0,228807.7
GM0377,65183.7,332498.7,3037.2,4175.8,0.0,0.0,0.0,0.0,0.0,12623.9,0.0,8124.3,278.0,1647.2,405804.9,9128.1,0.0,0.0,12623.0,0.0,427559.6
GM0383,104876.9,579118.6,3807.0,5337.1,0.0,0.0,0.0,0.0,0.0,17190.0,0.0,13178.9,341.0,2835.9,697196.6,12315.2,0.0,0.0,17188.8,0.0,726705.0
GM0384,99562.4,543239.4,3728.7999999999997,4983.1,0.0,0.0,0.0,0.0,0.0,16391.7,0.0,12492.300000000001,335.0,2528.6,655305.7,11570.7,0.0,0.0,16390.5,0.0,683246.9
GM0385,99194.6,540969.7,3722.5,5261.5,0.0,0.0,0.0,0.0,0.0,16342.0,0.0,12444.0,334.5,2704.8,652619.0,12014.9,0.0,0.0,16340.8,0.0,680970.9
GM0388,55939.0,289408.6,2690.6,4077.9,0.0,0.0,0.0,0.0,0.0,10335.0,0.0,6946.3,254.3,1430.9,352310.6,8447.1,0.0,0.0,10333.7,0.0,371097.4
GM0392,508405.4,2521092.6,9443.6,12110.4,5046.6,34794.6,0.0,0.0,0.0,45625.0,0.0,64951.3,1165.7,12149.5,3094676.5,34856.6,39841.0,0.0,45622.2,0.0,3215103.8
GM0394,430907.8,2161343.5,8346.0,10788.5,3700.8,25332.0,0.0,0.0,0.0,39938.8,0.0,55030.6,983.1,10876.0,2647474.1,30984.0,29033.0,0.0,39936.0,0.0,2747434.7
GM0396,114236.4,645006.0,3921.1,5466.0,0.0,0.0,0.0,0.0,0.0,17738.7,0.0,14342.5,352.6,3087.3,773616.9,12819.0,0.0,0.0,17737.4,0.0,804176.0
GM0397,82868.4,435052.0,3355.2,4797.0,0.0,0.0,0.0,0.0,0.0,13385.9,0.0,10344.4,304.1,2133.2000000000003,528257.5,10584.5,0.0,0.0,13384.9,0.0,552216.6
GM0399,70665.4,361842.3,3308.6,4495.0,0.0,0.0,0.0,0.0,0.0,13164.2,0.0,8826.0,300.3,1802.2,441320.7,9900.0,0.0,0.0,13163.2,0.0,464378.2
GM0400,184330.8,1002275.8,5365.6,8268.8,433.0,3135.4,0.0,0.0,0.0,24102.9,0.0,23250.7,514.0,4873.0,1209906.5,19016.3,3567.9,0.0,24101.1,0.0,1256635.6
GM0402,283898.3,1466642.7,6554.8,9378.0,1757.0,11929.2,0.0,0.0,0.0,30292.7,0.0,36142.0,703.9,7090.1,1786802.4,23716.9,13685.9,0.0,30290.1,0.0,1854534.8
GM0405,221104.4,1170341.7,5785.1,8561.8,929.1999999999999,6442.8,0.0,0.0,0.0,26145.2,0.0,28014.5,582.9,5760.400000000001,1419532.7,20679.4,7371.6,0.0,26143.5,0.0,1473726.0
GM0406,123205.9,682801.8,4374.2,6484.3,0.0,0.0,0.0,0.0,0.0,18807.0,0.0,15444.5,397.40000000000003,3319.9,821487.9,14568.3,0.0,0.0,18805.3,0.0,854860.8
GM0415,31523.8,169811.7,1623.9,1969.9,0.0,0.0,0.0,0.0,0.0,9332.8,0.0,3995.1,144.1,851.6,205375.7,4584.9,0.0,0.0,9331.2,0.0,219274.7
GM0417,34911.0,184005.1,1663.4,2062.4,0.0,0.0,0.0,0.0,0.0,9482.3,0.0,4357.900000000001,148.20000000000002,929.0,223316.6,4798.4,0.0,0.0,9480.8,0.0,237579.1
GM0420,124182.9,689824.4,4383.9,6439.2,0.0,0.0,0.0,0.0,0.0,18868.0,0.0,15567.6,398.3,3416.9,829611.0,14632.6,0.0,0.0,18866.3,0.0,863116.5
GM0431,26003.9,140223.5,1584.9,1728.0,0.0,0.0,0.0,0.0,0.0,9082.6,0.0,3315.3,140.70000000000002,703.6,169578.1,4154.5,0.0,0.0,9080.9,0.0,182798.7
GM0432,31949.6,171701.3,1630.0,1996.4,0.0,0.0,0.0,0.0,0.0,9399.1,0.0,4040.4,144.5,861.8000000000001,207734.8,4628.6,0.0,0.0,9397.5,0.0,221743.1
GM0437,38607.6,200086.0,2627.2999999999997,3773.6,0.0,0.0,0.0,0.0,0.0,9887.2,0.0,4804.900000000001,249.20000000000002,975.7,243538.7,7621.9,0.0,0.0,9885.8,0.0,261038.2
GM0439,269925.1,1419326.9,7666.8,10209.4,1261.4,8628.2,0.0,0.0,0.0,36929.4,0.0,34289.0,771.6,6945.6,1723663.5,25584.4,9889.9,0.0,36926.1,0.0,1796065.4
GM0441,132376.3,744941.0,4631.2,6837.4,0.0,0.0,0.0,0.0,0.0,20592.0,0.0,16610.2,420.0,3653.7000000000003,893959.8,15538.2,0.0,0.0,20589.9,0.0,930112.6
GM0448,41744.5,220508.0,2642.2,4111.5,0.0,0.0,0.0,0.0,0.0,9957.5,0.0,5192.400000000001,250.5,1106.6000000000001,267483.7,8104.8,0.0,0.0,9956.1,0.0,285538.9
GM0450,36520.1,190004.6,1742.8999999999999,2168.5,0.0,0.0,0.0,0.0,0.0,9579.1,0.0,4526.900000000001,154.8,952.0,231095.4,5014.8,0.0,0.0,9577.6,0.0,245677.5
GM0451,85981.7,452605.6,3361.1,4735.9,0.0,0.0,0.0,0.0,0.0,13441.9,0.0,10749.6,304.5,2232.0,549340.3,10625.9,0.0,0.0,13441.0,0.0,573406.2
GM0453,205607.9,1100283.0,5625.1,8661.7,699.8,4973.0,0.0,0.0,0.0,25441.2,0.0,26000.0,553.6,5310.7,1331953.9,20142.6,5672.1,0.0,25439.6,0.0,1383224.1
GM0473,61820.8,315169.9,2921.0,4072.2,0.0,0.0,0.0,0.0,0.0,11616.4,0.0,7689.1,270.2,1504.0,384690.5,8760.0,0.0,0.0,11615.2,0.0,405068.0
GM0479,456406.9,2280307.7,8676.5,11383.0,4127.6,28493.2,0.0,0.0,0.0,41677.3,0.0,58303.3,1040.2,11266.0,2795218.2,32357.8,32622.2,0.0,41674.1,0.0,2901904.7
GM0482,52569.3,273035.6,2681.0,4074.4,0.0,0.0,0.0,0.0,0.0,10251.9,0.0,6531.5,253.70000000000002,1335.2,332162.5,8339.3,0.0,0.0,10250.4,0.0,350759.5
GM0484,323181.0,1654437.9,7087.8,9943.3,2264.0,15267.6,0.0,0.0,0.0,33160.0,0.0,41196.5,782.6,8154.1,2018952.9,25957.5,17531.1,0.0,33156.8,0.0,2095597.3
GM0489,125416.4,699902.6,4429.1,6319.4,0.0,0.0,0.0,0.0,0.0,19279.7,0.0,15719.4,401.90000000000003,3397.1,841073.8,14544.3,0.0,0.0,19278.0,0.0,874908.0
GM0498,52518.2,272695.1,2681.0,4033.5,0.0,0.0,0.0,0.0,0.0,10251.9,0.0,6525.2,253.70000000000002,1367.9,331764.6,8331.0,0.0,0.0,10250.4,0.0,350354.6
GM0502,206362.0,1103595.4,5631.5,8353.6,715.4,5052.8,0.0,0.0,0.0,25441.2,0.0,26097.0,555.5,5165.6,1336117.0,19703.3,5767.6,0.0,25439.6,0.0,1387062.1
GM0503,340479.8,1737130.5,7310.599999999999,10217.4,2458.2,16593.6,0.0,0.0,0.0,34261.4,0.0,43414.3,814.4,8097.5,2121169.9,26429.100000000002,19052.0,0.0,34258.4,0.0,2200971.0
GM0505,369062.0,1872707.5,7637.2,10405.6,2824.6,19148.6,0.0,0.0,0.0,36059.4,0.0,47088.6,866.7,9075.5,2289019.5,27977.3,21973.6,0.0,36056.6,0.0,2375065.4
GM0512,111695.1,629782.1,3898.4,5420.4,0.0,0.0,0.0,0.0,0.0,17738.7,0.0,14046.300000000001,350.0,2990.5,755552.2,12653.5,0.0,0.0,17737.4,0.0,785927.0
GM0513,221512.4,1172403.1,5798.5,8741.4,938.1999999999999,6498.0,0.0,0.0,0.0,26186.6,0.0,28067.0,584.7,5647.7,1422054.7,20764.1,7435.7,0.0,26185.0,0.0,1476457.7
GM0518,1370923.8,6277312.7,41618.299999999996,68720.7,279791.4,1664450.0,0.0,0.0,0.0,128523.9,0.0,169367.9,21926.0,29089.100000000002,7818013.7,161295.7,1945637.5,0.0,128519.8,0.0,10053766.2
GM0523,46489.2,247625.0,2656.6,4041.0,0.0,0.0,0.0,0.0,0.0,10126.8,0.0,5811.3,251.70000000000002,1220.9,299949.0,8164.1,0.0,0.0,10125.4,0.0,318234.4
GM0531,79491.6,414867.9,3332.7999999999997,4495.0,0.0,0.0,0.0,0.0,0.0,13328.5,0.0,9915.1,302.0,2067.9,504277.7,10192.4,0.0,0.0,13327.4,0.0,527789.9
GM0532,58700.7,302259.0,2701.7,4104.6,0.0,0.0,0.0,0.0,0.0,10413.3,0.0,7296.6,255.1,1530.2,368270.8,8585.8,0.0,0.0,10412.1,0.0,387273.4
GM0534,62972.5,321324.3,3037.2,4012.0,0.0,0.0,0.0,0.0,0.0,12623.9,0.0,7839.2,278.0,1588.5,392140.8,8907.6,0.0,0.0,12623.0,0.0,413670.3
GM0537,175882.6,962738.7,5256.8,8253.2,363.0,2698.4,0.0,0.0,0.0,23638.3,0.0,22159.7,499.40000000000003,4582.0,1160824.1,18581.7,3060.7,0.0,23636.4,0.0,1206139.8
GM0542,81692.9,427745.2,3337.2,4585.6,0.0,0.0,0.0,0.0,0.0,13385.9,0.0,10195.2,302.3,2115.7000000000003,519629.7,10334.7,0.0,0.0,13384.9,0.0,543342.5
GM0546,400209.8,2018261.7,7942.0,10808.1,3319.8,22650.6,0.0,0.0,0.0,37733.7,0.0,51093.700000000004,925.8,9528.0,2469734.1,29193.9,25972.0,0.0,37731.2,0.0,2562721.0
GM0547,79773.8,416731.0,3337.2,4662.0,0.0,0.0,0.0,0.0,0.0,13385.9,0.0,9950.7,302.3,2023.5,506459.0,10318.1,0.0,0.0,13384.9,0.0,530157.4
GM0553,66839.9,343419.5,3037.2,4063.1,0.0,0.0,0.0,0.0,0.0,12623.9,0.0,8333.5,278.0,1698.0,418586.4,9068.8,0.0,0.0,12623.0,0.0,440265.4
GM0556,99010.7,539712.8,3717.2999999999997,5188.3,0.0,0.0,0.0,0.0,0.0,16292.3,0.0,12420.7,334.1,2571.0,651155.0,11803.5,0.0,0.0,16291.1,0.0,679237.3
GM0569,74683.1,383599.1,3311.2,4632.6,0.0,0.0,0.0,0.0,0.0,13164.2,0.0,9306.4,300.6,1952.7,467592.9,10191.9,0.0,0.0,13163.2,0.0,490940.6
GM0575,129666.5,727201.2,4565.0,6764.3,0.0,0.0,0.0,0.0,0.0,20274.4,0.0,16260.2,413.7,3482.0,873162.6,15220.6,0.0,0.0,20272.5,0.0,908663.7
GM0579,71244.5,363276.3,3308.6,4535.6,0.0,0.0,0.0,0.0,0.0,13164.2,0.0,8896.9,300.3,1781.3000000000002,443408.2,9920.4,0.0,0.0,13163.2,0.0,466491.1
GM0589,27464.0,148544.1,1608.9,1955.9,0.0,0.0,0.0,0.0,0.0,9271.4,0.0,3508.6,142.5,743.5,179547.5,4446.0,0.0,0.0,9269.8,0.0,193246.3
GM0590,93460.6,499728.5,3489.7999999999997,5001.4,0.0,0.0,0.0,0.0,0.0,14187.6,0.0,11698.6,315.90000000000003,2428.4,604902.0,11230.0,0.0,0.0,14186.4,0.0,630326.8
GM0597,136867.2,773537.6,4840.7,7645.3,0.0,0.0,0.0,0.0,0.0,21095.7,0.0,17141.9,441.2,3652.2000000000003,927563.3,16571.1,0.0,0.0,21093.8,0.0,965230.7
GM0599,1708947.7,8084218.0,51310.4,82343.9,280353.8,1670091.8,0.0,0.0,0.0,179486.1,0.0,211659.4,22756.3,37613.1,10005126.7,193936.6,1951839.8,0.0,179483.8,0.0,12330715.7
GM0603,176160.6,964110.5,5264.2,8232.3,369.8,2743.2,0.0,0.0,0.0,23638.3,0.0,22196.0,500.8,4406.8,1162510.7,18397.4,3112.3,0.0,23636.4,0.0,1207660.3
GM0606,246949.2,1292821.1,6094.5,9094.6,1278.6,8823.2,0.0,0.0,0.0,27875.5,0.0,31365.7,633.0,5967.0,1571226.1,21780.0,10102.0,0.0,27873.9,0.0,1631016.4
GM0610,71701.3,365084.7,3308.6,4548.1,0.0,0.0,0.0,0.0,0.0,13164.2,0.0,8954.5,300.3,1791.8000000000002,445735.1,9940.6,0.0,0.0,13163.2,0.0,468831.2
GM0613,67891.3,350009.1,3041.6,3857.6,0.0,0.0,0.0,0.0,0.0,12666.9,0.0,8471.5,278.3,1760.4,426360.5,8930.9,0.0,0.0,12666.0,0.0,447948.2
GM0622,234477.0,1231394.9,5976.9,8796.6,1158.0,7910.4,0.0,0.0,0.0,27150.5,0.0,29759.8,615.0,5738.900000000001,1495713.1,21118.7,9068.4,0.0,27148.8,0.0,1553066.7
GM0626,74080.3,378132.0,3311.2,4677.9,0.0,0.0,0.0,0.0,0.0,13164.2,0.0,9238.7,300.6,1850.2,461455.9,10134.4,0.0,0.0,13163.2,0.0,484759.0
GM0627,82669.4,433648.1,3350.7999999999997,4734.1,0.0,0.0,0.0,0.0,0.0,13342.9,0.0,10320.1,303.8,2130.2000000000003,526629.0,10514.4,0.0,0.0,13341.9,0.0,550477.4
GM0629,78947.9,411714.0,3332.7999999999997,4638.1,0.0,0.0,0.0,0.0,0.0,13328.5,0.0,9845.4,302.0,2044.0,500510.1,10310.2,0.0,0.0,13327.4,0.0,524140.6
GM0632,144709.0,807576.2,4951.8,7452.1,59.2,360.6,0.0,0.0,0.0,21792.3,0.0,18154.9,453.8,3909.8,970464.5,16762.8,419.7,0.0,21790.5,0.0,1009454.2
GM0637,372860.6,1890055.4,7660.099999999999,10312.9,2897.6,19626.6,0.0,0.0,0.0,36152.5,0.0,47574.9,873.6,9148.2,2310652.7,27987.0,22525.0,0.0,36149.7,0.0,2397379.3
GM0638,24324.7,132203.8,1053.6,687.2,0.0,0.0,0.0,0.0,0.0,7574.8,0.0,3099.1,81.60000000000001,650.9,159655.7,2470.9,0.0,0.0,7573.9,0.0,169686.2
GM0642,133603.3,753038.1,4655.5,6833.3,0.0,0.0,0.0,0.0,0.0,20762.2,0.0,16767.3,422.1,3582.9,903440.7,15490.2,0.0,0.0,20760.0,0.0,939693.2
GM0654,62690.3,319726.1,3037.2,4233.4,0.0,0.0,0.0,0.0,0.0,12623.9,0.0,7802.8,278.0,1637.2,390225.7,9176.6,0.0,0.0,12623.0,0.0,412022.9
GM0664,120953.9,670147.2,4300.7,6336.6,0.0,0.0,0.0,0.0,0.0,18285.3,0.0,15156.9,391.90000000000003,3260.5,806293.7,14283.6,0.0,0.0,18283.6,0.0,838868.6
GM0668,52152.4,270402.5,2681.0,4128.9,0.0,0.0,0.0,0.0,0.0,10251.9,0.0,6479.900000000001,253.70000000000002,1359.5,329062.3,8417.3,0.0,0.0,10250.4,0.0,347737.4
GM0677,88032.4,466261.6,3372.7999999999997,4757.6,0.0,0.0,0.0,0.0,0.0,13550.9,0.0,11007.4,305.3,2358.2000000000003,565303.9,10787.1,0.0,0.0,13550.0,0.0,589639.6
GM0678,35072.2,184633.3,1669.9,2046.1,0.0,0.0,0.0,0.0,0.0,9482.3,0.0,4372.400000000001,148.70000000000002,937.6,224120.7,4796.9,0.0,0.0,9480.8,0.0,238387.4
GM0687,154161.3,855800.0,5059.9,7819.6,158.6,1180.2,0.0,0.0,0.0,22572.8,0.0,19368.7,469.3,4147.8,1029359.9,17490.0,1338.5,0.0,22570.9,0.0,1070767.7
GM0703,59237.3,304751.4,2701.7,4233.4,0.0,0.0,0.0,0.0,0.0,10413.3,0.0,7362.8,255.1,1542.8,371366.6,8726.5,0.0,0.0,10412.1,0.0,390500.8
GM0715,175132.3,959227.3,5249.3,8145.1,358.4,2674.0,0.0,0.0,0.0,23596.9,0.0,22064.4,498.40000000000003,4735.2,1156467.5,18620.5,3031.7,0.0,23594.9,0.0,1201738.1
GM0716,71848.1,365502.3,3308.6,4637.5,0.0,0.0,0.0,0.0,0.0,13164.2,0.0,8972.4,300.3,1863.9,446318.4,10102.2,0.0,0.0,13163.2,0.0,469577.8
GM0717,70946.7,362518.5,3308.6,4619.1,0.0,0.0,0.0,0.0,0.0,13164.2,0.0,8859.3,300.3,1852.7,442313.5,10073.9,0.0,0.0,13163.2,0.0,465537.9
GM0718,147804.8,822775.1,4982.5,7653.5,99.4,666.6,0.0,0.0,0.0,21993.1,0.0,18553.7,459.3,3942.7000000000003,989157.1,17033.8,766.0,0.0,21991.3,0.0,1028957.8
GM0736,120502.2,668663.7,4285.5,6291.5,0.0,0.0,0.0,0.0,0.0,18285.3,0.0,15098.300000000001,390.1,3272.6,804299.7,14234.2,0.0,0.0,18283.6,0.0,836825.6
GM0737,90341.8,483002.9,3425.2,5044.1,0.0,0.0,0.0,0.0,0.0,13837.9,0.0,11287.0,309.90000000000003,2438.6,584637.0,11212.1,0.0,0.0,13836.9,0.0,609680.5
GM0743,43273.0,230694.4,2654.2,4069.0,0.0,0.0,0.0,0.0,0.0,10126.8,0.0,5398.6,251.4,1154.7,279400.6,8123.8,0.0,0.0,10125.4,0.0,297653.6
GM0744,18551.9,103107.4,998.3,565.3,0.0,0.0,0.0,0.0,0.0,7273.8,0.0,2365.2000000000003,76.3,515.0,124034.8,2154.1,0.0,0.0,7272.8,0.0,133454.5
GM0748,201966.3,1082793.4,5576.7,8568.2,667.4,4751.8,0.0,0.0,0.0,25163.9,0.0,25531.5,547.5,5307.400000000001,1310352.5,19991.0,5418.4,0.0,25162.3,0.0,1360925.3
GM0753,84007.8,441645.5,3355.2,4855.4,0.0,0.0,0.0,0.0,0.0,13385.9,0.0,10490.4,304.1,2207.6,536142.7,10717.5,0.0,0.0,13384.9,0.0,560244.4
GM0755,27837.3,150490.1,1608.9,1822.7,0.0,0.0,0.0,0.0,0.0,9271.4,0.0,3552.3,142.5,758.1,181912.0,4328.0,0.0,0.0,9269.8,0.0,195495.2
GM0757,92727.0,491755.8,3775.1,4684.0,0.0,0.0,0.0,0.0,0.0,16607.0,0.0,11616.0,332.3,2429.3,596100.5,11215.6,0.0,0.0,16605.9,0.0,623919.1
GM0758,560242.6,2756026.9,10283.3,12426.8,6065.2,41573.8,0.0,0.0,0.0,49879.0,0.0,71564.7,1302.8,13604.1,3388082.3,37609.2,47638.6,0.0,49875.9,0.0,3523269.3
GM0762,89991.7,480372.8,3425.2,4978.4,0.0,0.0,0.0,0.0,0.0,13837.9,0.0,11243.0,309.90000000000003,2423.9,581613.9,11130.8,0.0,0.0,13836.9,0.0,606571.0
GM0765,36536.5,190063.9,1824.1,2357.2,0.0,0.0,0.0,0.0,0.0,9579.1,0.0,4528.400000000001,163.20000000000002,972.7,231172.6,5313.3,0.0,0.0,9577.6,0.0,246042.9
GM0766,73775.8,376129.1,3311.2,4571.8,0.0,0.0,0.0,0.0,0.0,13164.2,0.0,9203.3,300.6,1902.5,459114.9,10082.3,0.0,0.0,13163.2,0.0,482360.9
GM0770,53083.0,275996.1,2690.6,4158.3,0.0,0.0,0.0,0.0,0.0,10335.0,0.0,6594.0,254.3,1370.8,335697.3,8467.2,0.0,0.0,10333.7,0.0,354511.5
GM0772,731446.2,3507029.3,18000.2,24396.3,10273.4,67565.4,0.0,0.0,0.0,72437.2,0.0,91877.5,2224.7,17478.100000000002,4330747.3,62071.0,77826.2,0.0,72433.5,0.0,4543180.9
GM0777,124050.6,688521.6,4383.9,6285.1,0.0,0.0,0.0,0.0,0.0,18868.0,0.0,15551.300000000001,398.3,3383.7000000000003,828159.9,14446.6,0.0,0.0,18866.3,0.0,861482.1
GM0779,61605.8,314405.6,2705.5,4045.8,0.0,0.0,0.0,0.0,0.0,10413.3,0.0,7662.0,255.5,1580.4,383683.7,8582.8,0.0,0.0,10412.1,0.0,402677.5
GM0784,73354.3,373792.3,3308.6,4498.5,0.0,0.0,0.0,0.0,0.0,13164.2,0.0,9151.1,300.3,1900.9,456303.0,10003.1,0.0,0.0,13163.2,0.0,479463.7
GM0785,66853.3,343537.8,3037.2,4088.1,0.0,0.0,0.0,0.0,0.0,12623.9,0.0,8335.0,278.0,1728.2,418719.7,9121.0,0.0,0.0,12623.0,0.0,440465.1
GM0794,272624.6,1412886.6,6431.4,8818.6,1585.4,10765.2,0.0,0.0,0.0,29669.1,0.0,34691.5,682.2,7022.700000000001,1720313.1,22949.3,12351.0,0.0,29666.7,0.0,1785300.5
GM0796,484456.7,2410479.4,9070.7,11716.9,4588.0,31612.2,0.0,0.0,0.0,43479.4,0.0,61890.700000000004,1104.3,11828.300000000001,2957040.9,33710.7,36199.4,0.0,43476.5,0.0,3070498.9
GM0797,124865.4,695967.6,4402.6,6490.3,0.0,0.0,0.0,0.0,0.0,19038.4,0.0,15649.6,399.90000000000003,3430.0,836518.8,14718.300000000001,0.0,0.0,19036.8,0.0,870284.7
GM0798,42172.5,222220.6,2642.2,3996.2,0.0,0.0,0.0,0.0,0.0,9957.5,0.0,5249.8,250.5,1115.5,269680.7,7999.1,0.0,0.0,9956.1,0.0,287639.1
GM0809,67213.2,346076.8,3041.6,4143.6,0.0,0.0,0.0,0.0,0.0,12666.9,0.0,8382.5,278.3,1749.9,421663.8,9203.9,0.0,0.0,12666.0,0.0,443522.9
GM0820,66989.9,344483.4,3041.6,4118.7,0.0,0.0,0.0,0.0,0.0,12666.9,0.0,8352.6,278.3,1751.4,419819.0,9178.9,0.0,0.0,12666.0,0.0,441656.4
GM0823,50041.7,259296.0,2675.5,4156.2,0.0,0.0,0.0,0.0,0.0,10251.9,0.0,6223.0,253.0,1300.4,315592.0,8378.3,0.0,0.0,10250.4,0.0,334225.4
GM0824,90761.2,468755.8,3940.7999999999997,5180.1,0.0,0.0,0.0,0.0,0.0,17437.2,0.0,11340.6,353.5,2373.3,570884.5,11840.6,0.0,0.0,17435.3,0.0,600142.1
GM0826,163003.2,897859.8,5154.5,7814.5,222.79999999999998,1616.4,0.0,0.0,0.0,23127.1,0.0,20508.8,481.0,4385.400000000001,1081410.2,17828.1,1838.7,0.0,23125.2,0.0,1124213.7
GM0828,269288.4,1396486.6,6388.0,9177.8,1541.8,10411.6,0.0,0.0,0.0,29330.7,0.0,34262.1,676.0,6985.6,1700144.7,23217.5,11953.8,0.0,29328.5,0.0,1764642.5
GM0840,63048.6,321811.1,3037.2,4113.0,0.0,0.0,0.0,0.0,0.0,12623.9,0.0,7849.3,278.0,1647.6000000000001,392713.1,9067.3,0.0,0.0,12623.0,0.0,414401.7
GM0845,78902.3,411402.4,3332.7999999999997,4611.4,0.0,0.0,0.0,0.0,0.0,13328.5,0.0,9839.6,302.0,2086.9,500147.1,10326.2,0.0,0.0,13327.4,0.0,523798.1
GM0847,51009.2,263489.4,2675.5,4113.3,0.0,0.0,0.0,0.0,0.0,10251.9,0.0,6339.400000000001,253.0,1325.0,320867.2,8360.2,0.0,0.0,10250.4,0.0,339492.3
GM0848,44968.9,241389.7,2656.6,3955.6,0.0,0.0,0.0,0.0,0.0,10126.8,0.0,5618.2,251.70000000000002,1214.8,292002.9,8075.0,0.0,0.0,10125.4,0.0,310201.6
GM0851,67132.1,345461.7,3041.6,4123.7,0.0,0.0,0.0,0.0,0.0,12666.9,0.0,8372.0,278.3,1748.1000000000001,420957.4,9181.9,0.0,0.0,12666.0,0.0,442805.9
GM0852,45604.3,244112.9,2656.6,4081.6,0.0,0.0,0.0,0.0,0.0,10126.8,0.0,5701.0,251.70000000000002,1212.0,295442.1,8197.1,0.0,0.0,10125.4,0.0,313771.5
GM0855,668929.8,3247133.8,12863.3,14859.3,7404.599999999999,50681.0,0.0,0.0,0.0,63995.5,0.0,84870.0,1600.8,16149.900000000001,4001258.1,45456.4,58085.4,0.0,63991.8,0.0,4168927.9
GM0858,95852.3,515897.1,3630.5,4929.4,0.0,0.0,0.0,0.0,0.0,15610.9,0.0,12013.4,326.3,2544.8,623776.7,11426.0,0.0,0.0,15609.7,0.0,650816.1
GM0861,129574.4,726772.9,4560.8,6602.7,0.0,0.0,0.0,0.0,0.0,20219.1,0.0,16248.7,413.40000000000003,3555.0,872630.3,15131.5,0.0,0.0,20217.2,0.0,907987.1
GM0865,86256.5,437668.7,4550.5,7112.1,0.0,0.0,0.0,0.0,0.0,14563.1,0.0,10650.6,432.2,2195.4,534593.4,14280.0,0.0,0.0,14561.9,0.0,563433.9
GM0866,48569.7,253890.9,2656.6,4083.3,0.0,0.0,0.0,0.0,0.0,10126.8,0.0,6051.3,251.70000000000002,1269.0,308538.7,8254.4,0.0,0.0,10125.4,0.0,326919.4
GM0867,141568.7,793139.8,4924.3,7582.0,44.2,272.2,0.0,0.0,0.0,21644.4,0.0,17748.0,450.8,3870.4,952477.4,16821.8,316.0,0.0,21642.7,0.0,991259.5
GM0873,63357.5,323715.2,3037.2,4142.1,0.0,0.0,0.0,0.0,0.0,12623.9,0.0,7889.0,278.0,1646.7,394964.8,9094.6,0.0,0.0,12623.0,0.0,416684.4
GM0879,61543.1,314139.6,2709.2999999999997,4116.9,0.0,0.0,0.0,0.0,0.0,10413.3,0.0,7654.6,255.9,1597.6000000000001,383347.3,8672.7,0.0,0.0,10412.1,0.0,402433.3
GM0880,42645.5,224957.5,2642.2,4057.9,0.0,0.0,0.0,0.0,0.0,9957.5,0.0,5315.6,250.5,1104.4,272956.1,8047.8,0.0,0.0,9956.1,0.0,290965.2
GM0882,118062.2,660473.0,4127.4,6095.2,0.0,0.0,0.0,0.0,0.0,17891.0,0.0,14789.4,374.2,3223.1,793358.7,13814.3,0.0,0.0,17889.6,0.0,825061.9
GM0888,46292.4,246848.2,2656.6,4143.5,0.0,0.0,0.0,0.0,0.0,10126.8,0.0,5786.1,251.70000000000002,1218.0,298949.9,8262.9,0.0,0.0,10125.4,0.0,317338.4
GM0889,36797.5,191006.5,2609.2999999999997,3794.8,0.0,0.0,0.0,0.0,0.0,9746.0,0.0,4561.0,248.0,968.7,232408.4,7616.8,0.0,0.0,9744.7,0.0,249758.0
GM0893,36566.7,190149.7,1876.0,2428.0,0.0,0.0,0.0,0.0,0.0,9633.5,0.0,4532.0,168.70000000000002,974.7,231292.6,5443.5,0.0,0.0,9632.1,0.0,246354.3
GM0899,93208.1,498305.0,3482.2,5183.4,0.0,0.0,0.0,0.0,0.0,14187.6,0.0,11666.7,314.90000000000003,2430.2000000000003,603192.9,11403.6,0.0,0.0,14186.4,0.0,628786.2
GM0907,46292.4,246848.2,2656.6,4037.3,0.0,0.0,0.0,0.0,0.0,10126.8,0.0,5786.1,251.70000000000002,1237.4,298949.9,8174.9,0.0,0.0,10125.4,0.0,317253.3
GM0917,304068.6,1563748.3,6833.9,9794.8,1967.8,13199.2,0.0,0.0,0.0,31776.8,0.0,38738.3,741.6,7665.6,1906681.7,25025.4,15167.4,0.0,31773.8,0.0,1978662.6
GM0928,154332.6,856635.7,5059.9,7839.3,158.6,1180.2,0.0,0.0,0.0,22572.8,0.0,19390.5,469.3,4115.5,1030388.5,17476.0,1338.5,0.0,22570.9,0.0,1071785.8
GM0935,414189.4,2083025.3,8112.2,11132.0,3482.2,23800.4,0.0,0.0,0.0,38733.9,0.0,52889.700000000004,949.5,10038.2,2550283.0,30222.9,27283.7,0.0,38731.3,0.0,2646577.7
GM0938,54144.8,281487.6,2690.6,4138.4,0.0,0.0,0.0,0.0,0.0,10335.0,0.0,6725.6,254.3,1404.8,342377.8,8482.1,0.0,0.0,10333.7,0.0,361204.0
GM0944,23744.9,129275.6,1053.6,689.4,0.0,0.0,0.0,0.0,0.0,7574.8,0.0,3022.7000000000003,81.60000000000001,648.9,156071.0,2471.7,0.0,0.0,7573.9,0.0,166101.5
GM0946,46532.8,247804.0,2656.6,3971.6,0.0,0.0,0.0,0.0,0.0,10126.8,0.0,5816.2,251.70000000000002,1243.0,300176.5,8115.9,0.0,0.0,10125.4,0.0,318420.3
GM0957,179419.9,979903.9,5316.2,8097.3,404.0,2990.6,0.0,0.0,0.0,23884.9,0.0,22616.2,507.40000000000003,4761.3,1181984.0,18674.3,3394.1,0.0,23883.0,0.0,1227936.6
GM0965,33349.6,178533.1,1653.4,2044.0,0.0,0.0,0.0,0.0,0.0,9482.3,0.0,4201.0,146.8,886.2,216123.4,4725.5,0.0,0.0,9480.8,0.0,230311.9
GM0971,75736.7,390360.6,3320.6,4762.9,0.0,0.0,0.0,0.0,0.0,13254.8,0.0,9435.7,301.2,1969.1000000000001,475536.7,10347.7,0.0,0.0,13253.8,0.0,499136.8
GM0981,36603.7,190413.0,1989.1,2797.9,0.0,0.0,0.0,0.0,0.0,9633.5,0.0,4536.5,180.4,917.2,231597.4,5878.8,0.0,0.0,9632.1,0.0,247093.5
GM0983,315918.8,1619854.5,6987.7,9839.6,2154.6,14483.2,0.0,0.0,0.0,32568.0,0.0,40263.3,767.6,8008.1,1976171.6,25594.8,16637.9,0.0,32564.5,0.0,2050979.3
GM0984,124131.9,689254.4,4383.9,6361.4,0.0,0.0,0.0,0.0,0.0,18868.0,0.0,15561.2,398.3,3391.3,828984.0,14529.9,0.0,0.0,18866.3,0.0,862386.6
GM0986,36603.7,190413.0,1951.3999999999999,2670.5,0.0,0.0,0.0,0.0,0.0,9633.5,0.0,4536.5,176.5,967.2,231597.4,5759.1,0.0,0.0,9632.1,0.0,246980.1
GM0988,36801.2,191035.7,2602.9,3693.0,0.0,0.0,0.0,0.0,0.0,9746.0,0.0,4561.6,247.20000000000002,922.1,232441.7,7460.0,0.0,0.0,9744.7,0.0,249648.5
GM0994,51878.4,268593.8,2681.0,4165.5,0.0,0.0,0.0,0.0,0.0,10251.9,0.0,6446.0,253.70000000000002,1303.5,326946.4,8398.3,0.0,0.0,10250.4,0.0,345604.5
GM0995,221586.4,1172808.1,5798.5,8415.1,938.1999999999999,6498.0,0.0,0.0,0.0,26186.6,0.0,28076.600000000002,584.7,5867.6,1422543.4,20659.8,7435.7,0.0,26185.0,0.0,1476819.5
GM1507,116560.8,654631.3,3942.7,5636.5,0.0,0.0,0.0,0.0,0.0,17827.7,0.0,14625.300000000001,355.0,3240.4,785855.3,13167.9,0.0,0.0,17826.4,0.0,816853.4
GM1509,112722.0,635392.6,3904.7,5576.3,0.0,0.0,0.0,0.0,0.0,17738.7,0.0,14163.6,350.8,3130.6,762304.2,12954.7,0.0,0.0,17737.4,0.0,792999.4
GM1525,105258.8,581402.5,3807.0,5203.0,0.0,0.0,0.0,0.0,0.0,17190.0,0.0,13228.300000000001,341.0,2846.8,699913.2,12191.7,0.0,0.0,17188.8,0.0,729291.5
GM1581,140480.3,789893.3,4907.6,7777.9,31.8,208.2,0.0,0.0,0.0,21583.5,0.0,17606.7,448.7,3850.1000000000004,948000.2,16978.6,239.9,0.0,21581.8,0.0,986807.8
GM1586,83638.2,439367.8,3355.2,4851.7,0.0,0.0,0.0,0.0,0.0,13385.9,0.0,10442.300000000001,304.1,2218.7000000000003,533447.6,10722.3,0.0,0.0,13384.9,0.0,557543.4
GM1598,61420.0,313404.0,2709.2999999999997,4161.5,0.0,0.0,0.0,0.0,0.0,10413.3,0.0,7640.3,255.9,1590.6000000000001,382473.8,8712.1,0.0,0.0,10412.1,0.0,401594.1
GM1621,159547.8,880320.3,5113.8,7392.6,205.8,1466.2,0.0,0.0,0.0,22912.3,0.0,20066.3,476.40000000000003,4338.900000000001,1059970.1,17317.4,1671.5,0.0,22910.3,0.0,1101882.7
GM1640,104015.5,574023.8,3807.0,5410.3,0.0,0.0,0.0,0.0,0.0,17190.0,0.0,13070.2,341.0,2862.7000000000003,691129.9,12414.1,0.0,0.0,17188.8,0.0,720733.8
GM1641,70744.8,362068.7,3308.6,4634.4,0.0,0.0,0.0,0.0,0.0,13164.2,0.0,8835.6,300.3,1845.9,441637.3,10083.0,0.0,0.0,13163.2,0.0,464872.5
GM1652,81312.4,425973.6,3337.2,4714.7,0.0,0.0,0.0,0.0,0.0,13385.9,0.0,10145.9,302.3,2148.0,517430.2,10496.9,0.0,0.0,13384.9,0.0,541314.3
GM1655,87267.9,460485.7,3369.7999999999997,4743.2,0.0,0.0,0.0,0.0,0.0,13521.9,0.0,10912.9,305.1,2332.3,558669.7,10744.5,0.0,0.0,13521.0,0.0,582926.6
GM1658,42604.3,224689.2,2642.2,3921.4,0.0,0.0,0.0,0.0,0.0,9957.5,0.0,5309.7,250.5,1137.3,272640.9,7944.8,0.0,0.0,9956.1,0.0,290536.9
GM1659,62415.0,318415.2,3037.2,4065.7,0.0,0.0,0.0,0.0,0.0,12623.9,0.0,7766.900000000001,278.0,1614.8000000000002,388604.0,8987.0,0.0,0.0,12623.0,0.0,410220.0
GM1667,35352.6,185769.9,1691.9,2143.2,0.0,0.0,0.0,0.0,0.0,9482.3,0.0,4401.6,150.0,943.0,225568.9,4923.7,0.0,0.0,9480.8,0.0,239958.6
GM1669,60883.0,311554.2,2709.2999999999997,4160.1,0.0,0.0,0.0,0.0,0.0,10413.3,0.0,7571.6,255.9,1589.4,380021.3,8708.1,0.0,0.0,10412.1,0.0,399144.0
GM1674,234845.6,1232903.9,5980.9,8960.1,1158.0,7910.4,0.0,0.0,0.0,27150.5,0.0,29808.5,615.5,6099.1,1497639.5,21647.3,9068.4,0.0,27148.8,0.0,1555517.0
GM1676,109532.1,615754.4,3832.2,5247.5,0.0,0.0,0.0,0.0,0.0,17525.2,0.0,13773.7,342.7,3062.5,739087.0,12477.8,0.0,0.0,17524.0,0.0,769085.0
GM1680,71404.8,363873.0,3308.6,4674.2,0.0,0.0,0.0,0.0,0.0,13164.2,0.0,8916.7,300.3,1859.7,444186.7,10138.9,0.0,0.0,13163.2,0.0,467486.7
GM1681,72347.4,367370.8,3308.6,4608.0,0.0,0.0,0.0,0.0,0.0,13164.2,0.0,9031.8,300.3,1882.3000000000002,448750.0,10095.3,0.0,0.0,13163.2,0.0,472006.5
GM1690,66953.8,344234.3,3041.6,4055.5,0.0,0.0,0.0,0.0,0.0,12666.9,0.0,8347.7,278.3,1741.5,419529.1,9107.6,0.0,0.0,12666.0,0.0,441302.1
GM1695,29052.0,155823.9,1608.9,1793.6,0.0,0.0,0.0,0.0,0.0,9271.4,0.0,3696.8,142.5,795.1,188610.0,4336.3,0.0,0.0,9269.8,0.0,202195.6
GM1696,69460.0,357685.0,3296.0,4660.3,0.0,0.0,0.0,0.0,0.0,13164.2,0.0,8668.6,299.1,1812.6000000000001,435802.5,10061.3,0.0,0.0,13163.2,0.0,459011.5
GM1699,95605.0,514362.1,3621.7,5094.5,0.0,0.0,0.0,0.0,0.0,15507.6,0.0,11981.6,325.7,2582.2000000000003,621962.5,11618.2,0.0,0.0,15506.6,0.0,649085.2
GM1700,89147.2,474583.7,3392.9,4856.3,0.0,0.0,0.0,0.0,0.0,13642.6,0.0,11137.9,307.1,2397.8,574873.8,10949.1,0.0,0.0,13641.6,0.0,599456.7
GM1701,52628.3,273582.0,2681.0,4018.9,0.0,0.0,0.0,0.0,0.0,10251.9,0.0,6538.6,253.70000000000002,1379.6000000000001,332774.6,8326.6,0.0,0.0,10250.4,0.0,351360.7
GM1705,129399.4,725510.4,4550.4,6564.2,0.0,0.0,0.0,0.0,0.0,20151.8,0.0,16226.800000000001,412.40000000000003,3556.7000000000003,871170.7,15079.4,0.0,0.0,20149.9,0.0,906412.7
GM1706,57055.2,294656.2,2690.6,4109.4,0.0,0.0,0.0,0.0,0.0,10335.0,0.0,7087.6,254.3,1498.6000000000001,358815.0,8548.5,0.0,0.0,10333.7,0.0,377698.7
GM1708,130300.7,731580.7,4581.1,6723.3,0.0,0.0,0.0,0.0,0.0,20332.0,0.0,16342.5,415.5,3595.8,878257.9,15309.7,0.0,0.0,20330.0,0.0,913917.2
GM1709,107517.6,598795.7,3821.6,5302.4,0.0,0.0,0.0,0.0,0.0,17354.3,0.0,13519.9,342.0,2975.2000000000003,719859.7,12434.1,0.0,0.0,17353.1,0.0,749645.3
GM1711,94617.3,507640.5,3580.0,5127.8,0.0,0.0,0.0,0.0,0.0,15037.9,0.0,11851.6,322.6,2550.3,614123.2,11573.4,0.0,0.0,15036.8,0.0,640723.9
GM1714,91026.4,486268.5,3443.6,5094.6,0.0,0.0,0.0,0.0,0.0,13837.9,0.0,11376.800000000001,312.1,2444.6,588679.3,11288.1,0.0,0.0,13836.9,0.0,613805.1
GM1719,75908.2,391353.5,3320.6,4715.5,0.0,0.0,0.0,0.0,0.0,13254.8,0.0,9456.9,301.2,1993.4,476721.7,10324.2,0.0,0.0,13253.8,0.0,500293.4
GM1721,82577.4,433062.1,3355.2,4775.7,0.0,0.0,0.0,0.0,0.0,13385.9,0.0,10308.9,304.1,2192.5,525939.7,10621.1,0.0,0.0,13384.9,0.0,549944.7
GM1723,28040.8,151379.4,1608.9,1894.1000000000001,0.0,0.0,0.0,0.0,0.0,9271.4,0.0,3576.1,142.5,769.5,183029.0,4410.3,0.0,0.0,9269.8,0.0,196688.8
GM1724,49920.2,258934.9,2675.5,4142.3,0.0,0.0,0.0,0.0,0.0,10251.9,0.0,6210.1,253.0,1303.0,315095.9,8365.7,0.0,0.0,10250.4,0.0,333715.5
GM1728,55509.3,287456.4,2690.6,4128.1,0.0,0.0,0.0,0.0,0.0,10335.0,0.0,6893.0,254.3,1450.6000000000001,349876.0,8518.1,0.0,0.0,10333.7,0.0,368729.9
GM1729,42345.5,223011.8,2642.2,4092.6,0.0,0.0,0.0,0.0,0.0,9957.5,0.0,5273.900000000001,250.5,1111.7,270669.5,8091.4,0.0,0.0,9956.1,0.0,288712.4
GM1730,94038.2,503459.9,3544.0,5035.1,0.0,0.0,0.0,0.0,0.0,14753.1,0.0,11774.7,319.90000000000003,2546.1,609285.5,11438.3,0.0,0.0,14752.1,0.0,635468.8
GM1731,92883.7,496558.2,3482.2,5005.5,0.0,0.0,0.0,0.0,0.0,14187.6,0.0,11624.1,314.90000000000003,2504.9,601078.7,11301.7,0.0,0.0,14186.4,0.0,626566.4
GM1734,129441.4,725799.5,4553.1,6657.7,0.0,0.0,0.0,0.0,0.0,20151.8,0.0,16232.2,412.7,3594.4,871506.9,15215.2,0.0,0.0,20149.9,0.0,906878.7
GM1735,98247.5,532739.5,3704.2,5191.4,0.0,0.0,0.0,0.0,0.0,16109.6,0.0,12321.6,333.2,2667.3,643319.7,11890.3,0.0,0.0,16108.5,0.0,671311.1
GM1740,55994.9,289661.7,2690.6,4159.3,0.0,0.0,0.0,0.0,0.0,10335.0,0.0,6953.2,254.3,1470.9,352626.5,8568.4,0.0,0.0,10333.7,0.0,371534.4
GM1742,95713.8,515034.7,3621.7,5139.2,0.0,0.0,0.0,0.0,0.0,15507.6,0.0,11994.9,325.7,2558.4,622757.1,11639.8,0.0,0.0,15506.6,0.0,649900.9
GM1771,117775.5,659432.3,3959.4,5738.1,0.0,0.0,0.0,0.0,0.0,17861.4,0.0,14755.6,356.7,3231.5,791997.3,13278.8,0.0,0.0,17860.1,0.0,823127.4
GM1773,48750.6,254383.1,2656.6,4038.8,0.0,0.0,0.0,0.0,0.0,10126.8,0.0,6067.900000000001,251.70000000000002,1276.9,309229.7,8217.7,0.0,0.0,10125.4,0.0,327578.3
GM1774,71451.2,364128.3,3308.6,4753.1,0.0,0.0,0.0,0.0,0.0,13164.2,0.0,8922.6,300.3,1846.0,444494.9,10201.1,0.0,0.0,13163.2,0.0,467856.7
GM1783,303779.4,1562367.9,6828.3,9463.1,1967.8,13199.2,0.0,0.0,0.0,31740.7,0.0,38701.1,741.2,7803.200000000001,1904975.1,24824.7,15167.4,0.0,31737.7,0.0,1976716.6
GM1842,49805.5,258554.9,2675.5,4014.9,0.0,0.0,0.0,0.0,0.0,10251.9,0.0,6195.400000000001,253.0,1281.2,314586.7,8220.0,0.0,0.0,10250.4,0.0,333066.0
GM1859,126205.8,704682.3,4472.8,6616.2,0.0,0.0,0.0,0.0,0.0,19727.9,0.0,15822.0,405.2,3466.5,846743.7,14957.3,0.0,0.0,19726.2,0.0,881433.1
GM1876,104204.8,575222.6,3807.0,5347.6,0.0,0.0,0.0,0.0,0.0,17190.0,0.0,13092.300000000001,341.0,2858.1,692541.6,12345.7,0.0,0.0,17188.8,0.0,722071.1
GM1883,308840.8,1586639.6,6922.2,9729.0,2012.8,13548.4,0.0,0.0,0.0,32250.4,0.0,39353.0,751.8,7820.5,1934963.0,25216.100000000002,15561.5,0.0,32247.0,0.0,2008010.8
GM1884,76250.3,393174.9,3320.6,4673.8,0.0,0.0,0.0,0.0,0.0,13254.8,0.0,9502.1,301.2,1972.0,478930.4,10262.1,0.0,0.0,13253.8,0.0,502452.5
GM1891,50912.7,263002.3,2675.5,4093.0,0.0,0.0,0.0,0.0,0.0,10251.9,0.0,6327.7,253.0,1329.3,320272.5,8345.1,0.0,0.0,10250.4,0.0,338878.3
GM1892,120497.4,668689.6,4285.5,6154.0,0.0,0.0,0.0,0.0,0.0,18285.3,0.0,15097.6,390.1,3270.0,804320.1,14092.9,0.0,0.0,18283.6,0.0,836704.3
GM1894,120132.6,668108.6,4280.3,6356.1,0.0,0.0,0.0,0.0,0.0,18285.3,0.0,15051.2,389.5,3295.3,803328.6,14315.0,0.0,0.0,18283.6,0.0,835940.3
GM1895,119500.0,666591.2,4265.9,6271.7,0.0,0.0,0.0,0.0,0.0,18243.6,0.0,14970.0,388.40000000000003,3263.8,801099.1,14184.0,0.0,0.0,18241.9,0.0,833536.1
GM1896,56579.4,292216.3,2690.6,4160.4,0.0,0.0,0.0,0.0,0.0,10335.0,0.0,7026.6,254.3,1478.4,355839.7,8577.4,0.0,0.0,10333.7,0.0,374755.3
GM1900,277975.5,1438268.1,6505.8,9309.2,1673.2,11434.2,0.0,0.0,0.0,30032.8,0.0,35379.7,694.3,7267.6,1751739.5,23771.2,13107.6,0.0,30030.4,0.0,1818625.6
GM1901,94574.0,507382.7,3580.0,5108.1,0.0,0.0,0.0,0.0,0.0,15037.9,0.0,11845.800000000001,322.6,2530.8,613816.0,11532.5,0.0,0.0,15036.8,0.0,640374.5
GM1903,73138.6,372342.3,3308.6,4631.5,0.0,0.0,0.0,0.0,0.0,13164.2,0.0,9124.3,300.3,1883.5,454611.9,10118.0,0.0,0.0,13163.2,0.0,477897.2
GM1904,186724.1,1012996.3,5415.9,8343.0,462.59999999999997,3376.2,0.0,0.0,0.0,24334.3,0.0,23560.4,520.3,4969.900000000001,1223331.1,19244.1,3838.1,0.0,24332.4,0.0,1270761.4
GM1911,134855.1,761351.3,4672.5,6860.0,0.0,0.0,0.0,0.0,0.0,20863.7,0.0,16912.3,423.7,3769.8,913141.4,15721.7,0.0,0.0,20861.6,0.0,949745.9
GM1916,243209.5,1275528.7,6058.3,8982.0,1261.4,8628.2,0.0,0.0,0.0,27687.5,0.0,30877.5,629.4,5930.0,1549703.7,21592.6,9889.9,0.0,27685.8,0.0,1608924.8
GM1924,141923.9,794645.5,4924.3,7690.4,44.2,272.2,0.0,0.0,0.0,21644.4,0.0,17793.9,450.8,3920.0,954384.7,16978.4,316.0,0.0,21642.7,0.0,993343.3
GM1926,140256.5,789335.7,4904.3,7345.8,31.8,208.2,0.0,0.0,0.0,21566.8,0.0,17578.7,448.5,3830.0,947189.8,16519.7,239.9,0.0,21565.1,0.0,985532.1
GM1930,260991.1,1356126.7,6275.6,8821.4,1434.6,9760.0,0.0,0.0,0.0,28833.4,0.0,33192.1,659.2,6669.200000000001,1650410.6,22418.1,11194.3,0.0,28831.2,0.0,1712859.8
GM1931,154339.6,856681.1,5059.9,7712.7,158.6,1180.2,0.0,0.0,0.0,22572.8,0.0,19391.4,469.3,4215.2,1030441.9,17451.0,1338.5,0.0,22570.9,0.0,1071811.6
GM1940,150958.7,836850.2,5037.5,7808.0,145.4,983.6,0.0,0.0,0.0,22384.5,0.0,18964.8,466.8,4153.5,1006801.6,17458.7,1128.7,0.0,22382.7,0.0,1047801.4
GM1942,173911.8,953430.8,5243.7,8165.8,354.0,2571.8,0.0,0.0,0.0,23562.2,0.0,21906.7,497.7,4633.0,1149292.2,18530.0,2924.9,0.0,23560.2,0.0,1194311.6
GM1945,101792.1,560021.1,3777.5,5232.3,0.0,0.0,0.0,0.0,0.0,16996.3,0.0,12780.7,338.6,2773.1,674610.5,12115.7,0.0,0.0,16995.2,0.0,703713.6
GM1948,229438.8,1209250.5,5916.2,8700.1,1043.2,7227.8,0.0,0.0,0.0,26866.4,0.0,29101.100000000002,601.6,6062.900000000001,1467868.5,21273.6,8270.8,0.0,26864.6,0.0,1524281.7
GM1949,136527.3,771600.0,4767.5,7508.4,0.0,0.0,0.0,0.0,0.0,21036.4,0.0,17096.9,433.2,3811.4,925240.8,16517.3,0.0,0.0,21034.5,0.0,962811.6
GM1950,75519.0,388969.7,3320.6,4700.9,0.0,0.0,0.0,0.0,0.0,13254.8,0.0,9409.0,301.2,1978.5,473901.7,10295.0,0.0,0.0,13253.8,0.0,497444.0
GM1952,181460.9,989703.5,5331.1,8291.5,409.8,3012.0,0.0,0.0,0.0,23958.3,0.0,22877.9,509.0,4896.6,1194088.9,19021.5,3421.3,0.0,23956.4,0.0,1240491.8
GM1954,107653.6,600440.8,3821.6,5463.5,0.0,0.0,0.0,0.0,0.0,17354.3,0.0,13535.9,342.0,2973.2000000000003,721656.9,12592.8,0.0,0.0,17353.1,0.0,751600.5
GM1955,102858.7,567101.1,3798.1,5320.1,0.0,0.0,0.0,0.0,0.0,17147.9,0.0,12920.300000000001,340.2,2821.5,682898.6,12272.3,0.0,0.0,17146.7,0.0,712298.5
GM1959,145449.8,811177.5,4961.6,7832.8,63.8,392.8,0.0,0.0,0.0,21893.8,0.0,18250.3,454.8,4012.5,974902.9,17254.4,456.4,0.0,21892.0,0.0,1014532.4
GM1960,135132.0,762876.7,4674.8,6801.2,0.0,0.0,0.0,0.0,0.0,20863.7,0.0,16943.0,424.0,3775.4,914974.3,15671.9,0.0,0.0,20861.6,0.0,951527.1
GM1961,156232.4,864998.5,5067.5,7734.0,186.6,1345.0,0.0,0.0,0.0,22600.8,0.0,19636.8,471.8,4253.6,1040900.8,17522.8,1531.3,0.0,22598.9,0.0,1082563.5
GM1963,252017.1,1315573.9,6179.5,9017.4,1354.8,9255.2,0.0,0.0,0.0,28292.2,0.0,32026.9,645.2,6626.8,1599714.1,22462.2,10609.9,0.0,28290.3,0.0,1661073.9
GM1966,144649.4,807272.5,4951.8,7871.5,59.2,360.6,0.0,0.0,0.0,21792.3,0.0,18147.2,453.8,4008.4,970093.7,17279.4,419.7,0.0,21790.5,0.0,1009602.4
GM1969,176555.9,965999.5,5274.1,8170.6,369.8,2743.2,0.0,0.0,0.0,23702.3,0.0,22247.7,501.5,4850.5,1164846.6,18791.3,3112.3,0.0,23700.4,0.0,1210459.2
GM1970,132149.5,743388.0,4628.9,6876.5,0.0,0.0,0.0,0.0,0.0,20592.0,0.0,16581.2,419.7,3685.5,892151.2,15607.1,0.0,0.0,20589.9,0.0,928357.8
GM1978,112186.1,632147.5,3901.7,5609.7,0.0,0.0,0.0,0.0,0.0,17738.7,0.0,14098.5,350.40000000000003,3137.2000000000003,758458.8,12991.6,0.0,0.0,17737.4,0.0,789182.7
GM1979,145189.3,760279.4,7553.4,10035.0,0.0,0.0,0.0,0.0,0.0,32345.9,0.0,18144.600000000002,692.8000000000001,3805.8,923699.0,22078.9,0.0,0.0,32341.9,0.0,978085.9
GM1980,233476.2,1261856.1,8425.8,12363.8,191.2,1378.8,0.0,0.0,0.0,36120.5,0.0,29269.5,776.0,6256.2,1524641.6,27807.8,1569.6000000000001,0.0,36117.5,0.0,1590134.7
GM1982,251388.8,1315770.6,11594.5,15379.3,0.0,0.0,0.0,0.0,0.0,54636.6,0.0,31495.8,1041.8,6617.400000000001,1598782.0,34605.4,0.0,0.0,54629.9,0.0,1687972.8
GM1991,163218.1,892544.5,7004.9,10313.8,0.0,0.0,0.0,0.0,0.0,28694.2,0.0,20439.600000000002,647.0,4382.1,1076276.7,22333.4,0.0,0.0,28691.1,0.0,1127297.1
GM1992,211233.7,1146691.8,9279.5,13888.0,0.0,0.0,0.0,0.0,0.0,38070.8,0.0,26389.100000000002,860.5,5629.7,1384415.7,29641.7,0.0,0.0,38066.6,0.0,1452124.6
