PRODUCT,Hard coal (if no detail),Brown coal (if no detail),Anthracite,Coking coal,Other bituminous coal,Sub-bituminous coal,Lignite,Patent fuel,Coke oven coke,Gas coke,Coal tar,BKB,Gas works gas,Coke oven gas,Blast furnace gas,Other recovered gases,Peat,Natural gas,Crude/NGL/feedstocks (if no detail),Crude oil,Natural gas liquids,Refinery feedstocks,Additives/blending components,Other hydrocarbons,Refinery gas,Ethane,Liquefied petroleum gases (LPG),Motor gasoline excl. bio,Aviation gasoline,Gasoline type jet fuel,Kerosene type jet fuel excl. bio,Other Kerosene,Gas/diesel oil excl. bio,Fuel oil,Naphtha,White spirit & SBP,Lubricants,Bitumen,Paraffin waxes,Petroleum coke,Non-specified oil products,Industrial waste,Municipal waste (renewable),Municipal waste (non-renewable),Primary solid biofuels,Biogases,Biogasoline,Biodiesels,Other liquid biofuels,Non-specified primary biofuels and waste,Charcoal,Elec/heat output from non-specified manufactured gases,Heat output from non-specified combustible fuels,Nuclear,Hydro,Geothermal,Solar photovoltaics,Solar thermal,"Tide, wave and ocean",Wind,Other sources,Electricity,Heat,Total,Memo: Renewables
FLOW,,,,,,,,,,,,,,,,,,,,,,,,,,,,,,,,,,,,,,,,,,,,,,,,,,,,,,,,,,,,,,,,,
Production,x,x,0,11864.47,405678.69,0,0,0,0,0,0,0,0,0,0,0,0,1466673.39,x,1823837.28,113622.43,0,0,0,0,0,0,0,0,0,0,0,0,0,0,0,0,0,0,0,0,13317.46,32423.75,18637.41,75746.46,75816.42,3596.5,9149,0,0,0,0,0,768192.81,19029.42,32.99,4277.57,6410.79,14.4,70515.09,0,0,0,4918836.31,297012.39
Imports,x,x,0,153336.9,1001971.45,0,0,464.57,5435.51,0,0,0,0,0,0,0,0,1772746.26,x,2331755.07,71444.39,214477.33,0,0,0,0,13477.98,184095.98,836.02,0,306460.99,30185.99,456970.21,26360.01,27367.98,7499.19,18606.01,8774.99,1680,19967.98,5439.99,0,0,0,37382.81,0,14594.01,11603.59,0,0,0,0,0,0,0,0,0,0,0,0,0,49656.54,0,6772591.75,63580.41
Exports,x,x,0,-399.59,-14065.68,0,0,-991.06,-14721.21,0,0,0,0,0,0,0,0,-466500.71,x,-1237591.49,-63606.83,-170876.41,0,0,0,0,-52762.01,-376684.01,0,0,-56759.99,-4815.99,-325762.18,-212039.98,-40347.98,-1089.99,-20117.99,-5888.99,-520,-18624.02,-33120.02,0,0,0,-9613.14,0,0,0,0,0,0,0,0,0,0,0,0,0,0,0,0,-6290.33,0,-3133189.6,-9613.14
International marine bunkers,x,x,0,0,0,0,0,0,0,0,0,0,0,0,0,0,0,0,x,0,0,0,0,0,0,0,0,0,0,0,0,0,-70034.4,-59320.01,0,0,0,0,0,0,0,0,0,0,0,0,0,0,0,0,0,0,0,0,0,0,0,0,0,0,0,0,0,-129354.41,0
International aviation bunkers,x,x,0,0,0,0,0,0,0,0,0,0,0,0,0,0,0,0,x,0,0,0,0,0,0,0,0,0,0,0,-453521,0,0,0,0,0,0,0,0,0,0,0,0,0,0,0,0,0,0,0,0,0,0,0,0,0,0,0,0,0,0,0,0,-453521,0
Stock changes,x,x,0,15438.7,60869.79,0,0,216.79,2434.67,0,0,0,0,0,0,0,0,4272.88,x,-24201,-1812.17,5949.44,0,0,0,0,413.99,4136.01,-88.01,0,-558.98,1719.98,-212.98,4160,1495.99,-87.21,-462.01,-428.98,160.02,-704.01,160.02,0,0,0,0,0,0,74.4,0,0,0,0,0,0,0,0,0,0,0,0,0,0,0,72947.33,74.4
Total primary energy supply,x,x,0,180240.53,1454454.21,0,0,-309.7,-6851.03,0,0,0,0,0,0,0,0,2777191.82,x,2893799.85,119647.86,49550.32,0,0,0,0,-38870,-188452.01,748.01,0,-204379.02,27090.02,60960.6,-240840.02,-11484.02,6321.98,-1973.99,2456.98,1320.01,639.99,-27520,13317.46,32423.75,18637.41,103516.12,75816.42,18190.47,20826.94,0,0,0,0,0,768192.81,19029.42,32.99,4277.57,6410.79,14.4,70515.09,0,43366.2,0,8048310.26,351053.97
Transfers,x,x,0,0,0,0,0,0,0,0,0,0,0,0,0,0,0,0,x,0,-85262.13,0,0,0,0,38758.51,34039.98,-2376.01,0,0,-20597,19178.01,-2172.61,-559.98,15840,0,0,2456.98,0,5536,-3400.02,0,0,0,0,0,0,0,0,0,0,0,0,0,0,0,0,0,0,0,0,0,0,1441.72,0
Statistical differences,x,x,0,-253.26,-48461.79,0,0,154.87,-28.3,0,0,0,0,314.93,213.95,0,0,1803.09,x,3860.02,-407.75,2337.28,0,0,0,0,-736,-2595.98,0,0,5590.01,-688.02,468.59,-1799.99,528,43.58,83.99,272.98,-39.98,-96,720,0,0,0,-1,0,0,-74.4,0,0,0,0,0,0,0,0,0,0,0,0,0,-7.2,-2.01,-38800.42,-75.4
Transformation processes,x,x,0,-177980.87,-1347403.39,0,0,7990.26,28593.08,0,5777.87,0,0,17834.72,16575.83,0,0,-766342.87,x,-2897659.87,-33978.02,-51887.6,0,0,115384.48,0,114678,775587.99,0,0,248325.01,97524.01,1048769.41,271000.01,41800.01,3139.22,19194.01,47658.01,0,62752.01,50079.99,-13317.46,-29738.3,-17093.7,-67597.02,-72572.07,0,0,0,0,0,0,0,-768192.81,-19029.42,0,-4277.57,0,-14.4,-70515.09,0,1299369.44,58621.73,-2006945.34,-263743.87
Main activity producer electricity plants,x,x,0,0,-1295641.22,0,0,0,0,0,0,0,0,0,0,0,0,-558225.96,x,0,0,0,0,0,0,0,0,0,0,0,0,0,-1746.61,-10440,0,0,0,0,0,-3552,0,0,0,0,-57468.94,0,0,0,0,0,0,0,0,-768192.81,-15014.7,0,0,0,0,-60793.34,0,1149312.44,0,-1621763.13,-133276.98
Autoproducer electricity plants,x,x,0,0,-19806.33,0,0,0,0,0,0,0,0,-7215.95,-23841.4,0,0,-16361.85,x,0,0,0,0,0,0,0,0,0,0,0,0,0,0,-439.99,0,0,0,0,0,0,0,-3637.28,-23189.55,-12386.61,-7913.47,-64609.57,0,0,0,0,0,0,0,0,-4014.72,0,-4277.57,0,-14.4,-9721.75,0,69085.63,0,-128344.8,-113741.04
Main activity producer CHP plants,x,x,0,0,0,0,0,0,0,0,0,0,0,0,0,0,0,0,x,0,0,0,0,0,0,0,0,0,0,0,0,0,0,0,0,0,0,0,0,0,0,0,0,0,0,0,0,0,0,0,0,0,0,0,0,0,0,0,0,0,0,c,0,0,0
Autoproducer CHP plants,x,x,0,0,-5920.01,0,0,0,0,0,0,0,0,-563.25,-1006.8,0,0,-119045.92,x,0,0,0,0,0,-11780.99,0,0,0,0,0,0,0,-596.41,-2560.02,0,0,0,0,0,0,0,-9680.13,-5250,-3960.25,0,-7962.46,0,0,0,0,0,0,0,0,0,0,0,0,0,0,0,80971.37,0,-87354.86,-13212.45
Main activity producer heat plants,x,x,0,0,0,0,0,0,0,0,0,0,0,0,0,0,0,0,x,0,0,0,0,0,0,0,0,0,0,0,0,0,0,0,0,0,0,0,0,0,0,0,0,0,0,0,0,0,0,0,0,0,0,0,0,0,0,0,0,0,0,0,0,0,0
Autoproducer heat plants,x,x,0,0,-14633.08,0,0,0,0,0,0,0,0,-1355.02,-644.89,0,0,-72528.31,x,0,0,0,0,0,0,0,-460,0,0,0,0,0,-212.98,-2119.99,0,0,0,0,0,0,0,0,-1298.75,-746.84,-2214.57,0,0,0,0,0,0,0,0,0,0,0,0,0,0,0,0,0,58621.73,-37592.69,-3513.31
Heat pumps,x,x,0,0,0,0,0,0,0,0,0,0,0,0,0,0,0,0,x,0,0,0,0,0,0,0,0,0,0,0,0,0,0,0,0,0,0,0,0,0,0,0,0,0,0,0,0,0,0,0,0,0,0,0,0,0,0,0,0,0,0,0,0,0,0
Electric boilers,x,x,0,0,0,0,0,0,0,0,0,0,0,0,0,0,0,0,x,0,0,0,0,0,0,0,0,0,0,0,0,0,0,0,0,0,0,0,0,0,0,0,0,0,0,0,0,0,0,0,0,0,0,0,0,0,0,0,0,0,0,0,0,0,0
Chemical heat for electricity production,x,x,0,0,0,0,0,0,0,0,0,0,0,0,0,0,0,0,x,0,0,0,0,0,0,0,0,0,0,0,0,0,0,0,0,0,0,0,0,0,0,0,0,0,0,0,0,0,0,0,0,0,0,0,0,0,0,0,0,0,0,0,0,0,0
Blast furnaces,x,x,0,-27849.21,0,0,0,0,-77371.23,0,0,0,0,0,42082.91,0,0,0,x,0,0,0,0,0,0,0,0,0,0,0,0,0,0,0,0,0,0,0,0,0,0,0,0,0,0,0,0,0,0,0,0,0,0,0,0,0,0,0,0,0,0,0,0,-63137.53,0
Gas works,x,x,0,0,0,0,0,0,0,0,0,0,0,0,0,0,0,0,x,0,0,0,0,0,0,0,0,0,0,0,0,0,0,0,0,0,0,0,0,0,0,0,0,0,0,0,0,0,0,0,0,0,0,0,0,0,0,0,0,0,0,0,0,0,0
Coke ovens,x,x,0,-150131.66,-3447.12,0,0,0,105964.35,0,5777.87,0,0,26775.47,0,0,0,0,x,0,0,0,0,0,0,0,0,0,0,0,0,0,0,0,0,0,0,0,0,0,0,0,0,0,0,0,0,0,0,0,0,0,0,0,0,0,0,0,0,0,0,0,0,-15061.09,0
Patent fuel plants,x,x,0,0,-7955.67,0,0,7990.26,0,0,0,0,0,0,0,0,0,0,x,0,0,0,0,0,0,0,0,0,0,0,0,0,0,0,0,0,0,0,0,0,0,0,0,0,0,0,0,0,0,0,0,0,0,0,0,0,0,0,0,0,0,0,0,34.58,0
BKB/peat briquette plants,x,x,0,0,0,0,0,0,0,0,0,0,0,0,0,0,0,0,x,0,0,0,0,0,0,0,0,0,0,0,0,0,0,0,0,0,0,0,0,0,0,0,0,0,0,0,0,0,0,0,0,0,0,0,0,0,0,0,0,0,0,0,0,0,0
Oil refineries,x,x,0,0,0,0,0,0,0,0,0,0,0,0,0,0,0,0,x,-2897659.87,-33978.02,-57879.54,0,0,131422.48,0,115552,775587.99,0,0,248325.01,97524.01,1052731.21,286560,41800.01,3139.22,19194.01,47658.01,0,66304.01,50599.99,0,0,0,0,0,0,0,0,0,0,0,0,0,0,0,0,0,0,0,0,0,0,-53119.48,0
Petrochemical plants,x,x,0,0,0,0,0,0,0,0,0,0,0,0,0,0,0,0,x,0,0,5991.94,0,0,-4257.01,0,-413.99,0,0,0,0,0,-1405.8,0,0,0,0,0,0,0,-520,0,0,0,0,0,0,0,0,0,0,0,0,0,0,0,0,0,0,0,0,0,0,-604.87,0
Coal liquefaction plants,x,x,0,0,0,0,0,0,0,0,0,0,0,0,0,0,0,0,x,0,0,0,0,0,0,0,0,0,0,0,0,0,0,0,0,0,0,0,0,0,0,0,0,0,0,0,0,0,0,0,0,0,0,0,0,0,0,0,0,0,0,0,0,0,0
Gas-to-liquids (GTL) plants,x,x,0,0,0,0,0,0,0,0,0,0,0,0,0,0,0,0,x,0,0,0,0,0,0,0,0,0,0,0,0,0,0,0,0,0,0,0,0,0,0,0,0,0,0,0,0,0,0,0,0,0,0,0,0,0,0,0,0,0,0,0,0,0,0
For blended natural gas,x,x,0,0,0,0,0,0,0,0,0,0,0,0,0,0,0,0,x,0,0,0,0,0,0,0,0,0,0,0,0,0,0,0,0,0,0,0,0,0,0,0,0,0,0,0,0,0,0,0,0,0,0,0,0,0,0,0,0,0,0,0,0,0,0
Charcoal production plants,x,x,0,0,0,0,0,0,0,0,0,0,0,0,0,0,0,0,x,0,0,0,0,0,0,0,0,0,0,0,0,0,0,0,0,0,0,0,0,0,0,0,0,0,0,0,0,0,0,0,0,0,0,0,0,0,0,0,0,0,0,0,0,0,0
Non-specified (transformation),x,x,0,0,0,0,0,0,0,0,0,0,0,193.43,-13.98,0,0,-180.83,x,0,0,0,0,0,0,0,0,0,0,0,0,0,0,0,0,0,0,0,0,0,0,0,0,0,0,0,0,0,0,0,0,0,0,0,0,0,0,0,0,0,0,0,0,-1.38,0
Energy industry own use,x,x,0,0,-98.81,0,0,0,0,0,0,0,0,-14821.48,-12845.52,0,0,-180446.22,x,0,0,0,0,0,-113899.51,0,0,0,0,0,0,0,-25900.8,-13919.98,0,0,0,0,0,-51392.01,0,0,0,0,0,0,0,0,0,0,0,0,0,0,0,0,0,0,0,0,0,-96335.34,-7020.64,-516680.3,0
Coal mines,x,x,0,0,-98.81,0,0,0,0,0,0,0,0,0,0,0,0,-412.06,x,0,0,0,0,0,0,0,0,0,0,0,0,0,0,0,0,0,0,0,0,0,0,0,0,0,0,0,0,0,0,0,0,0,0,0,0,0,0,0,0,0,0,-3247.78,0,-3758.66,0
Oil and gas extraction,x,x,0,0,0,0,0,0,0,0,0,0,0,0,0,0,0,-156967.4,x,0,0,0,0,0,0,0,0,0,0,0,0,0,-25900.8,0,0,0,0,0,0,0,0,0,0,0,0,0,0,0,0,0,0,0,0,0,0,0,0,0,0,0,0,-2034.37,0,-184902.57,0
Blast furnaces,x,x,0,0,0,0,0,0,0,0,0,0,0,-2437.39,-10427.98,0,0,0,x,0,0,0,0,0,0,0,0,0,0,0,0,0,0,0,0,0,0,0,0,0,0,0,0,0,0,0,0,0,0,0,0,0,0,0,0,0,0,0,0,0,0,0,0,-12865.37,0
Gas works,x,x,0,0,0,0,0,0,0,0,0,0,0,0,0,0,0,-5447.95,x,0,0,0,0,0,0,0,0,0,0,0,0,0,0,0,0,0,0,0,0,0,0,0,0,0,0,0,0,0,0,0,0,0,0,0,0,0,0,0,0,0,0,-1328.64,0,-6776.59,0
Gasification plants for biogases,x,x,0,0,0,0,0,0,0,0,0,0,0,0,0,0,0,0,x,0,0,0,0,0,0,0,0,0,0,0,0,0,0,0,0,0,0,0,0,0,0,0,0,0,0,0,0,0,0,0,0,0,0,0,0,0,0,0,0,0,0,0,0,0,0
Coke ovens,x,x,0,0,0,0,0,0,0,0,0,0,0,-12384.05,-2417.54,0,0,-860.14,x,0,0,0,0,0,0,0,0,0,0,0,0,0,0,0,0,0,0,0,0,0,0,0,0,0,0,0,0,0,0,0,0,0,0,0,0,0,0,0,0,0,0,0,0,-15661.73,0
Patent fuel plants,x,x,0,0,0,0,0,0,0,0,0,0,0,0,0,0,0,0,x,0,0,0,0,0,0,0,0,0,0,0,0,0,0,0,0,0,0,0,0,0,0,0,0,0,0,0,0,0,0,0,0,0,0,0,0,0,0,0,0,0,0,0,0,0,0
BKB/peat briquette plants,x,x,0,0,0,0,0,0,0,0,0,0,0,0,0,0,0,0,x,0,0,0,0,0,0,0,0,0,0,0,0,0,0,0,0,0,0,0,0,0,0,0,0,0,0,0,0,0,0,0,0,0,0,0,0,0,0,0,0,0,0,0,0,0,0
Oil refineries,x,x,0,0,0,0,0,0,0,0,0,0,0,0,0,0,0,-10616.09,x,0,0,0,0,0,-113899.51,0,0,0,0,0,0,0,0,-13919.98,0,0,0,0,0,-51392.01,0,0,0,0,0,0,0,0,0,0,0,0,0,0,0,0,0,0,0,0,0,-15565.6,-7020.64,-212413.82,0
Coal liquefaction plants,x,x,0,0,0,0,0,0,0,0,0,0,0,0,0,0,0,0,x,0,0,0,0,0,0,0,0,0,0,0,0,0,0,0,0,0,0,0,0,0,0,0,0,0,0,0,0,0,0,0,0,0,0,0,0,0,0,0,0,0,0,0,0,0,0
Liquefaction (LNG) / regasification plants,x,x,0,0,0,0,0,0,0,0,0,0,0,0,0,0,0,0,x,0,0,0,0,0,0,0,0,0,0,0,0,0,0,0,0,0,0,0,0,0,0,0,0,0,0,0,0,0,0,0,0,0,0,0,0,0,0,0,0,0,0,0,0,0,0
Gas-to-liquids (GTL) plants,x,x,0,0,0,0,0,0,0,0,0,0,0,0,0,0,0,0,x,0,0,0,0,0,0,0,0,0,0,0,0,0,0,0,0,0,0,0,0,0,0,0,0,0,0,0,0,0,0,0,0,0,0,0,0,0,0,0,0,0,0,0,0,0,0
"Own use in electricity, CHP and heat plants",x,x,0,0,0,0,0,0,0,0,0,0,0,0,0,0,0,0,x,0,0,0,0,0,0,0,0,0,0,0,0,0,0,0,0,0,0,0,0,0,0,0,0,0,0,0,0,0,0,0,0,0,0,0,0,0,0,0,0,0,0,-64822.47,0,-64822.47,0
Pumped storage plants,x,x,0,0,0,0,0,0,0,0,0,0,0,0,0,0,0,0,x,0,0,0,0,0,0,0,0,0,0,0,0,0,0,0,0,0,0,0,0,0,0,0,0,0,0,0,0,0,0,0,0,0,0,0,0,0,0,0,0,0,0,-3643.86,0,-3643.86,0
Nuclear industry,x,x,0,0,0,0,0,0,0,0,0,0,0,0,0,0,0,0,x,0,0,0,0,0,0,0,0,0,0,0,0,0,0,0,0,0,0,0,0,0,0,0,0,0,0,0,0,0,0,0,0,0,0,0,0,0,0,0,0,0,0,-176.43,0,-176.43,0
Charcoal production plants,x,x,0,0,0,0,0,0,0,0,0,0,0,0,0,0,0,0,x,0,0,0,0,0,0,0,0,0,0,0,0,0,0,0,0,0,0,0,0,0,0,0,0,0,0,0,0,0,0,0,0,0,0,0,0,0,0,0,0,0,0,0,0,0,0
Non-specified (energy),x,x,0,0,0,0,0,0,0,0,0,0,0,0,0,0,0,-6142.54,x,0,0,0,0,0,0,0,0,0,0,0,0,0,0,0,0,0,0,0,0,0,0,0,0,0,0,0,0,0,0,0,0,0,0,0,0,0,0,0,0,0,0,-5516.19,0,-11658.73,0
Losses,x,x,0,0,0,0,0,0,0,0,0,0,0,-620.82,-2942.44,0,0,-39745.25,x,0,0,0,0,0,0,0,0,0,0,0,0,0,0,0,0,0,0,0,0,0,0,0,0,0,0,0,0,0,0,0,0,0,0,0,0,0,0,0,0,0,0,-102924.52,0,-146233.03,0
Total final consumption,x,x,0,2006.4,58490.18,0,0,7835.43,21713.75,0,5777.87,0,0,2707.31,1001.82,0,0,1792460.56,x,0,0,0,0,0,1485.02,38758.51,109111.99,582163.99,748.01,0,28938.99,143103.99,1082125.18,13880,46683.99,9504.79,17304,52844.99,1279.99,17439.99,19880.01,0,2685.5,1543.72,35918.1,3244.39,18190.47,20752.59,0,0,0,0,0,0,0,32.99,0,6410.79,0,0,0,1143468.59,51599.09,5341092.97,87234.83
Industry,x,x,0,2006.4,40849.39,0,0,0,21515.59,0,5777.87,0,0,2707.31,1001.82,0,0,358640.37,x,0,0,0,0,0,0,0,27047.98,0,0,0,0,57276.01,80088,3799.98,0,0,0,0,0,0,0,0,1294.77,743.87,14830.15,527.91,0,0,0,0,0,0,0,0,0,0,0,0,0,0,0,352211.79,33277.61,1003596.81,16652.83
Iron and steel,x,x,0,2006.4,1300.46,0,0,0,20241.67,0,0,0,0,2066.73,1001.82,0,0,15721.22,x,0,0,0,0,0,0,0,0,0,0,0,0,0,0,80.01,0,0,0,0,0,0,0,0,0,0,0,0,0,0,0,0,0,0,0,0,0,0,0,0,0,0,0,12119.78,0,54538.09,0
Chemical and petrochemical,x,x,0,0,1937.94,0,0,0,0,0,0,0,0,0,0,0,0,71867.89,x,0,0,0,0,0,0,0,0,0,0,0,0,0,4089.58,559.98,0,0,0,0,0,0,0,0,0,0,0,0,0,0,0,0,0,0,0,0,0,0,0,0,0,0,0,62082.37,14670.17,155207.94,0
Non-ferrous metals,x,x,0,0,535.49,0,0,0,0,0,0,0,0,0,0,0,0,9086.53,x,0,0,0,0,0,0,0,0,0,0,0,0,0,0,0,0,0,0,0,0,0,0,0,0,0,0,0,0,0,0,0,0,0,0,0,0,0,0,0,0,0,0,18125.66,0,27747.68,0
Non-metallic minerals,x,x,0,0,26340.46,0,0,0,0,0,0,0,0,0,0,0,0,48949.64,x,0,0,0,0,0,0,0,0,0,0,0,0,0,11203.79,1040,0,0,0,0,0,0,0,0,0,0,0,0,0,0,0,0,0,0,0,0,0,0,0,0,0,0,0,24300.77,0,111834.66,0
Transport equipment,x,x,0,0,1274.96,0,0,0,0,0,0,0,0,0,0,0,0,30429.33,x,0,0,0,0,0,0,0,0,0,0,0,0,0,0,0,0,0,0,0,0,0,0,0,0,0,0,0,0,0,0,0,0,0,0,0,0,0,0,0,0,0,0,18269.69,0,49973.98,0
Machinery,x,x,0,0,382.46,0,0,0,0,0,0,0,0,0,0,0,0,30805.43,x,0,0,0,0,0,0,0,0,0,0,0,0,0,0,0,0,0,0,0,0,0,0,0,0,0,0,0,0,0,0,0,0,0,0,0,0,0,0,0,0,0,0,47737.39,0,78925.28,0
Mining and quarrying,x,x,0,0,0,0,0,0,0,0,0,0,0,0,0,0,0,0,x,0,0,0,0,0,0,0,0,0,0,0,0,0,0,0,0,0,0,0,0,0,0,0,0,0,0,0,0,0,0,0,0,0,0,0,0,0,0,0,0,0,0,0,0,0,0
Food and tobacco,x,x,0,0,1121.94,0,0,0,0,0,0,0,0,0,0,0,0,69423.3,x,0,0,0,0,0,0,0,0,0,0,0,0,0,16400.99,1680,0,0,0,0,0,0,0,0,0,0,0,0,0,0,0,0,0,0,0,0,0,0,0,0,0,0,0,39981.6,112,128719.82,0
"Paper, pulp and print",x,x,0,0,3034.38,0,0,0,0,0,0,0,0,0,0,0,0,40071.86,x,0,0,0,0,0,0,0,0,0,0,0,0,0,2428.22,80.01,0,0,0,0,0,0,0,0,0,0,0,0,0,0,0,0,0,0,0,0,0,0,0,0,0,0,0,38753.77,163.96,84532.2,0
Wood and wood products,x,x,0,0,0,0,0,0,0,0,0,0,0,0,0,0,0,0,x,0,0,0,0,0,0,0,0,0,0,0,0,0,0,0,0,0,0,0,0,0,0,0,0,0,0,0,0,0,0,0,0,0,0,0,0,0,0,0,0,0,0,0,0,0,0
Construction,x,x,0,0,152.99,0,0,0,0,0,0,0,0,0,0,0,0,5299.48,x,0,0,0,0,0,0,0,0,0,0,0,0,0,1448.38,39.98,0,0,0,0,0,0,0,0,0,0,0,0,0,0,0,0,0,0,0,0,0,0,0,0,0,0,0,5379.37,0,12320.2,0
Textile and leather,x,x,0,0,1580.94,0,0,0,0,0,0,0,0,0,0,0,0,16045.12,x,0,0,0,0,0,0,0,0,0,0,0,0,0,4004.38,0,0,0,0,0,0,0,0,0,0,0,0,0,0,0,0,0,0,0,0,0,0,0,0,0,0,0,0,10477.89,0,32108.32,0
Non-specified (industry),x,x,0,0,3187.37,0,0,0,1273.96,0,5777.87,0,0,640.62,0,0,0,20940.62,x,0,0,0,0,0,0,0,27047.98,0,0,0,0,57276.01,40512.61,320,0,0,0,0,0,0,0,0,1294.77,743.87,14830.15,527.91,0,0,0,0,0,0,0,0,0,0,0,0,0,0,0,74983.49,18331.49,267688.71,16652.83
Transport,x,x,0,0,395.32,0,0,0,0,0,0,0,0,0,0,0,0,0,x,0,0,0,0,0,0,0,4277.99,582163.99,748.01,0,28938.99,0,951343.2,5879.98,0,0,0,0,0,0,0,0,0,0,0,0,18190.47,20752.59,0,0,0,0,0,0,0,0,0,0,0,0,0,14719.45,0,1627410,38943.06
Domestic aviation,x,x,0,0,0,0,0,0,0,0,0,0,0,0,0,0,0,0,x,0,0,0,0,0,0,0,0,0,748.01,0,28938.99,0,0,0,0,0,0,0,0,0,0,0,0,0,0,0,0,0,0,0,0,0,0,0,0,0,0,0,0,0,0,0,0,29687.01,0
Road,x,x,0,0,0,0,0,0,0,0,0,0,0,0,0,0,0,0,x,0,0,0,0,0,0,0,4277.99,582163.99,0,0,0,0,917518.8,0,0,0,0,0,0,0,0,0,0,0,0,0,18190.47,20752.59,0,0,0,0,0,0,0,0,0,0,0,0,0,0,0,1542903.84,38943.06
Rail,x,x,0,0,395.32,0,0,0,0,0,0,0,0,0,0,0,0,0,x,0,0,0,0,0,0,0,0,0,0,0,0,0,26880.6,0,0,0,0,0,0,0,0,0,0,0,0,0,0,0,0,0,0,0,0,0,0,0,0,0,0,0,0,14625.83,0,41901.75,0
Pipeline transport,x,x,0,0,0,0,0,0,0,0,0,0,0,0,0,0,0,0,x,0,0,0,0,0,0,0,0,0,0,0,0,0,0,0,0,0,0,0,0,0,0,0,0,0,0,0,0,0,0,0,0,0,0,0,0,0,0,0,0,0,0,0,0,0,0
Domestic navigation,x,x,0,0,0,0,0,0,0,0,0,0,0,0,0,0,0,0,x,0,0,0,0,0,0,0,0,0,0,0,0,0,6943.81,5879.98,0,0,0,0,0,0,0,0,0,0,0,0,0,0,0,0,0,0,0,0,0,0,0,0,0,0,0,0,0,12823.79,0
Non-specified (transport),x,x,0,0,0,0,0,0,0,0,0,0,0,0,0,0,0,0,x,0,0,0,0,0,0,0,0,0,0,0,0,0,0,0,0,0,0,0,0,0,0,0,0,0,0,0,0,0,0,0,0,0,0,0,0,0,0,0,0,0,0,93.62,0,93.62,0
Other,x,x,0,0,17245.47,0,0,7835.43,198.16,0,0,0,0,0,0,0,0,1414549.44,x,0,0,0,0,0,0,0,18630,0,0,0,0,85828.02,46561.78,4199.99,0,0,0,0,0,0,0,0,1390.73,799.85,21087.95,2716.48,0,0,0,0,0,0,0,0,0,32.99,0,6410.79,0,0,0,776537.35,18321.48,2422345.91,31638.94
Residential,x,x,0,0,16652.54,0,0,7835.43,198.16,0,0,0,0,0,0,0,0,1098305.87,x,0,0,0,0,0,0,0,13661.99,0,0,0,0,85828.02,5964.01,0,0,0,0,0,0,0,0,0,286.96,164.96,16042.9,0,0,0,0,0,0,0,0,0,0,0,0,0,0,0,0,412987.12,2173.58,1660101.54,16329.86
Commercial and public services,x,x,0,0,420.02,0,0,0,0,0,0,0,0,0,0,0,0,275483.4,x,0,0,0,0,0,0,0,0,0,0,0,0,0,24665.4,3159.99,0,0,0,0,0,0,0,0,1103.81,634.89,0,2716.48,0,0,0,0,0,0,0,0,0,32.99,0,0,0,0,0,349612.12,16147.9,673977,3853.28
Agriculture/forestry,x,x,0,0,24.7,0,0,0,0,0,0,0,0,0,0,0,0,4974.67,x,0,0,0,0,0,0,0,4968.02,0,0,0,0,0,6432.6,559.98,0,0,0,0,0,0,0,0,0,0,5045.01,0,0,0,0,0,0,0,0,0,0,0,0,0,0,0,0,13938.11,0,35943.09,5045.01
Fishing,x,x,0,0,0,0,0,0,0,0,0,0,0,0,0,0,0,0,x,0,0,0,0,0,0,0,0,0,0,0,0,0,0,0,0,0,0,0,0,0,0,0,0,0,0,0,0,0,0,0,0,0,0,0,0,0,0,0,0,0,0,0,0,0,0
Non-specified (other),x,x,0,0,148.25,0,0,0,0,0,0,0,0,0,0,0,0,35785.5,x,0,0,0,0,0,0,0,0,0,0,0,0,0,9499.81,480.02,0,0,0,0,0,0,0,0,0,0,0,0,0,0,0,0,0,0,0,0,0,0,0,6410.79,0,0,0,0,0,52324.37,6410.79
Non-energy use,x,x,0,0,0,0,0,0,0,0,0,0,0,0,0,0,0,19270.71,x,0,0,0,0,0,1485.02,38758.51,59156.01,0,0,0,0,0,4132.2,0,46683.99,9504.79,17304,52844.99,1279.99,17439.99,19880.01,0,0,0,0,0,0,0,0,0,0,0,0,0,0,0,0,0,0,0,0,0,0,287740.22,0
Non-energy use industry/transformation/energy,x,x,0,0,0,0,0,0,0,0,0,0,0,0,0,0,0,19270.71,x,0,0,0,0,0,1485.02,38758.51,59156.01,0,0,0,0,0,4132.2,0,46683.99,4752.39,8609.99,52844.99,1279.99,17439.99,19880.01,0,0,0,0,0,0,0,0,0,0,0,0,0,0,0,0,0,0,0,0,0,0,274293.81,0
   Memo: Non-energy use chemical/petrochemical,x,x,0,0,0,0,0,0,0,0,0,0,0,0,0,0,0,19270.71,x,0,0,0,0,0,1485.02,38758.51,59156.01,0,0,0,0,0,4132.2,0,46683.99,0,0,0,0,0,0,0,0,0,0,0,0,0,0,0,0,0,0,0,0,0,0,0,0,0,0,0,0,169486.44,0
Non-energy use in transport,x,x,0,0,0,0,0,0,0,0,0,0,0,0,0,0,0,0,x,0,0,0,0,0,0,0,0,0,0,0,0,0,0,0,0,0,8567.99,0,0,0,0,0,0,0,0,0,0,0,0,0,0,0,0,0,0,0,0,0,0,0,0,0,0,8567.99,0
Non-energy use in other,x,x,0,0,0,0,0,0,0,0,0,0,0,0,0,0,0,0,x,0,0,0,0,0,0,0,0,0,0,0,0,0,0,0,0,4752.39,125.98,0,0,0,0,0,0,0,0,0,0,0,0,0,0,0,0,0,0,0,0,0,0,0,0,0,0,4878.38,0
Electricity output (GWh),x,x,0,0,143181,0,0,0,0,0,0,0,0,331,677,0,0,100074,x,0,0,0,0,0,1243,0,0,0,0,0,0,0,189,1632,0,0,0,0,0,c,0,568,2279,1311,7046,5874,0,0,0,0,0,0,0,70405,5285,0,1188,0,4,19584,0,0,0,360871,41260
Electricity output (GWh)-main activity producer electricity plants,x,x,0,0,140164,0,0,0,0,0,0,0,0,0,0,0,0,80286,x,0,0,0,0,0,0,0,0,0,0,0,0,0,155,975,0,0,0,0,0,c,0,0,0,0,6157,0,0,0,0,0,0,0,0,70405,4170,0,0,0,0,16884,0,0,0,319196,27211
Electricity output (GWh)-autoproducer electricity plants,x,x,0,0,2289,0,0,0,0,0,0,0,0,261,563,0,0,1881,x,0,0,0,0,0,0,0,0,0,0,0,0,0,0,33,0,0,0,0,0,0,0,289,1734,998,889,5243,0,0,0,0,0,0,0,0,1115,0,1188,0,4,2700,0,0,0,19187,12873
Electricity output (GWh)-main activity producer CHP plants,x,x,0,0,0,0,0,0,0,0,0,0,0,0,0,0,0,0,x,0,0,0,0,0,0,0,0,0,0,0,0,0,0,0,0,0,0,0,0,0,0,0,0,0,0,0,0,0,0,0,0,0,0,0,0,0,0,0,0,0,0,0,0,0,0
Electricity output (GWh)-autoproducer CHP plants,x,x,0,0,728,0,0,0,0,0,0,0,0,70,114,0,0,17907,x,0,0,0,0,0,1243,0,0,0,0,0,0,0,34,624,0,0,0,0,0,0,0,279,545,313,0,631,0,0,0,0,0,0,0,0,0,0,0,0,0,0,0,0,0,22488,1176
Heat output,x,x,0,0,8910,0,0,0,0,0,0,0,0,825,393,0,0,44177,x,0,0,0,0,0,0,0,293,0,0,0,0,0,137,1303,0,0,0,0,0,0,0,0,791,455,1349,0,0,0,0,0,0,0,0,0,0,0,0,0,0,0,0,0,0,58633,2140
Heat output-main activity producer CHP plants,x,x,0,0,0,0,0,0,0,0,0,0,0,0,0,0,0,0,x,0,0,0,0,0,0,0,0,0,0,0,0,0,0,0,0,0,0,0,0,0,0,0,0,0,0,0,0,0,0,0,0,0,0,0,0,0,0,0,0,0,0,0,0,0,0
Heat output-autoproducer CHP plants,x,x,0,0,0,0,0,0,0,0,0,0,0,0,0,0,0,0,x,0,0,0,0,0,0,0,0,0,0,0,0,0,0,0,0,0,0,0,0,0,0,0,0,0,0,0,0,0,0,0,0,0,0,0,0,0,0,0,0,0,0,0,0,0,0
Heat output-main activity producer heat plants,x,x,0,0,0,0,0,0,0,0,0,0,0,0,0,0,0,0,x,0,0,0,0,0,0,0,0,0,0,0,0,0,0,0,0,0,0,0,0,0,0,0,0,0,0,0,0,0,0,0,0,0,0,0,0,0,0,0,0,0,0,0,0,0,0
Heat output-autoproducer heat plants,x,x,0,0,8910,0,0,0,0,0,0,0,0,825,393,0,0,44177,x,0,0,0,0,0,0,0,293,0,0,0,0,0,137,1303,0,0,0,0,0,0,0,0,791,455,1349,0,0,0,0,0,0,0,0,0,0,0,0,0,0,0,0,0,0,58633,2140