GemeentecodeGM,Gemeentenaam,train_share_in_nl,has_tram_metro,buildings_total,arable_land_km2,number_of_vans_data,number_of_trucks_data,number_of_busses_data,greenhouse_scaled,arable_land_scaled,wet_biomass_potential,dry_biomass_potential,oily_biomass_potential,number_of_cars_data,total_land_area_km2,coast_line_km,households_roof_pv_potential,buildings_roof_pv_potential,Unnamed: 19,Unnamed: 20,Unnamed: 21
GM1680,Aa en Hunze,0,0,3169.492385,187.4884265,1826,101,3,0,0.008405869,395.3722894,206.6089306,15.42359021,15568,276.0603232,0,1.62186,1.151709,,,
GM0358,Aalsmeer,0,0,3228.845692,7.632990341,1963,181,17,0.011068605,0.000342218,192.8700707,83.72282082,19.27675373,17396,20.09898193,0,1.678781,2.585545,,,
GM0197,Aalten,0.000606244,0,2507.548923,80.46467765,1763,91,2,0,0.003607559,246.520725,117.7927622,16.41087982,14912,96.53035212,0,1.14036,1.670153,,,
GM0059,Achtkarspelen,0,0,2582.520923,85.16322254,2554,152,40,8.09E-05,0.003818214,206.593892,150.5342623,16.92184017,15604,102.2059571,0,1.289278,1.40414,,,
GM0482,Alblasserdam,0,0,721.3655385,2.9173258,1210,83,28,0,0.000130796,41.20192914,51.74269925,12.1931786,9531,8.77263863,0,0.455858,0.633341,,,
GM0613,Albrandswaard,0,0,1756.400615,10.91289856,908,49,4,0.000300939,0.00048927,68.67487597,74.12804756,15.35372048,12936,21.6650857,0,0.726905,0.631015,,,
GM0361,Alkmaar,0.007443618,0,7617.277462,77.92901551,6290,479,20,0.000336227,0.003493875,405.4586573,317.0422071,65.95580657,58882,110.3126522,0,2.968289,2.729409,,,
GM0141,Almelo,0.002663356,0,6098.748385,35.39650102,3787,201,5,0,0.001586969,218.5921509,224.2683902,44.26034519,36279,67.18069867,0,2.415293,3.387203,,,
GM0034,Almere,0.019053728,0,7798.133615,32.41344006,31940,658,21,0.008903587,0.001453226,588.5701107,610.690855,126.3147443,258677,129.1794566,0,5.056762,4.066546,,,
GM0484,Alphen aan den Rijn,0.004930733,0,6147.308154,93.38531518,6214,557,33,0.004711181,0.004186844,406.0484683,318.2834389,67.43096914,55413,125.9255187,0,2.945701,4.13769,,,
GM1723,Alphen-Chaam,0,0,1764.123,65.50847044,966,56,0,0.001165676,0.002937011,204.4704687,107.0250497,6.166155243,6532,92.98024005,0,0.58342,1.24945,,,
GM1959,Altena,0,0,4052.545692,154.7411416,4893,424,19,0.002324989,0.006937675,643.2952035,232.172565,33.65047535,31112,199.7398076,0,2.105131,2.755114,,,
GM0060,Ameland,0,0,2037.894769,19.24565036,412,35,0,0,0.000862861,95.49163055,17.04655818,2.231578304,2007,56.59198168,211.1466093,0.207338,0.367899,,,
GM0307,Amersfoort,0.020565577,0,8849.396077,19.36891231,17202,343,613,0,0.000868387,301.8007594,412.1533541,94.95356571,124805,62.49184907,0,3.795124,3.052996,,,
GM0362,Amstelveen,0,1,5357.144308,15.80299847,2105,139,18,0.007902791,0.000708513,199.8398837,244.1778702,55.18979308,39013,41.11371518,0,1.906968,2.305208,,,
GM0363,Amsterdam,0.156696504,1,51828.12308,44.15268849,21249,978,301,0.001803388,0.001979545,1726.492962,2194.338857,524.3054645,249771,188.1222888,0,12.090522,13.429495,,,
GM0200,Apeldoorn,0.005660127,0,11557.44462,82.73647372,8563,961,55,0.000334386,0.003709413,533.2245978,609.8531982,98.69554523,84942,339.8610131,0,5.109693,5.378241,,,
GM0202,Arnhem,0.020056744,0,11445.25885,15.72113804,4725,607,4,8.98E-05,0.000704843,336.2199495,460.6565964,96.7634954,69313,97.73996426,0,3.751564,3.019719,,,
GM0106,Assen,0.002988851,0,4709.594769,39.64712256,2659,180,48,0,0.001777542,176.288465,203.3857569,41.29179316,34450,81.8774776,0,2.267864,1.742116,,,
GM0743,Asten,0,0,2627.249462,45.8798234,1488,103,2,0.009790721,0.002056979,241.7647653,152.381229,10.15237502,9591,70.21132066,0,0.78238,2.687544,,,
GM0744,Baarle-Nassau,0,0,1836.384846,62.80550473,694,41,4,0.000294091,0.002815826,209.5670043,67.34590431,4.159982752,4372,76.12456631,0,0.381167,1.120089,,,
GM0308,Baarn,0.001617575,0,1914.763462,7.636063052,935,24,8,0,0.000342356,72.50232798,81.63535698,15.04750881,12562,32.54004941,0,0.769361,0.49923,,,
GM0489,Barendrecht,0.002074139,1,1619.091308,3.472410553,2326,276,8,0.00123209,0.000155682,92.84525807,131.0955933,29.57190602,24077,19.57733227,0,1.256377,1.265111,,,
GM0203,Barneveld,0.001842095,0,5377.359462,93.89116633,5966,396,46,0,0.004209523,330.4085012,463.3994966,35.22102528,30757,175.8365662,0,2.010101,4.418026,,,
GM0888,Beek,0.000874322,0,964.4234615,13.09485451,811,61,1,0,0.000587096,46.39481162,45.22913638,9.677868447,9695,21.0690028,0,0.672705,0.609464,,,
GM1954,Beekdaelen,0.000295005,0,2659.375,56.03787954,2074,154,1,0,0.002512406,128.3346685,123.7664291,21.70639752,22365,78.3013197,0,1.80541,0.94878,,,
GM0889,Beesel,0.001093299,0,987.3658462,18.157155,548,41,0,0.000771363,0.000814059,64.24533367,43.7963268,8.213642008,7338,27.87794397,0,0.566964,0.650536,,,
GM1945,Berg en Dal,0,0,2512.615385,49.71807691,1763,69,10,0.000141599,0.002229064,216.6879809,128.1998172,21.12678257,19031,86.38869894,0,1.327979,1.120208,,,
GM1724,Bergeijk,0,0,2422.413077,61.66419384,1837,69,19,0,0.002764657,239.2727266,147.7413359,11.23444444,11303,101.0183518,0,0.991389,1.443895,,,
GM0893,Bergen (L.),0,0,1912.560769,55.17481351,915,55,1,0.002917326,0.002473711,198.5800255,78.75026063,7.983375692,8123,103.2558619,0,0.667967,1.169862,,,
GM0373,Bergen (NH.),0,0,3911.744769,41.80012027,1395,66,2,0,0.001874069,117.3383601,102.2506917,18.21108851,16520,98.99971178,20.29673402,1.295289,0.885486,,,
GM0748,Bergen op Zoom,0.002103046,0,4369.417846,33.29388886,2726,241,42,0.002655109,0.0014927,393.5322346,197.3235755,40.59188077,33852,79.96980286,0,2.080057,2.877556,,,
GM1859,Berkelland,0,0,5397.973923,211.591153,3014,195,7,0,0.009486492,650.1768839,235.9405053,26.67443884,25664,258.091756,0,2.2659,3.26428,,,
GM1721,Bernheze,0,0,2267.381462,65.64880262,2975,202,3,0.000101837,0.002943303,324.2356588,240.9559031,18.71658079,17768,89.72636838,0,1.435826,2.021417,,,
GM0753,Best,0.002015534,0,1559.406,14.80078737,1436,102,2,0,0.000663579,109.6547689,126.497781,18.11813139,16148,33.8885951,0,1.026967,1.311613,,,
GM0209,Beuningen,0,0,1742.630846,30.43871509,1253,88,0,0.000108758,0.001364691,99.40434183,83.25258104,15.72494137,14289,43.60427121,0,0.938264,0.8417,,,
GM0375,Beverwijk,0.0016742,0,2305.528,3.896434837,2195,270,1,0,0.000174693,76.21906977,107.8293792,25.01700742,20145,18.35245327,1.200353602,0.971164,1.459417,,,
GM0310,De Bilt,0.002171946,0,3042.517846,33.91529913,1807,107,0,0.000245145,0.001520561,147.4932794,138.087969,26.01827098,21742,66.18774776,0,1.466315,1.035096,,,
GM1728,Bladel,0,0,2166.017769,42.14405113,1926,141,2,0.00063624,0.001889489,209.8511364,123.0166394,12.25758026,12452,75.33398508,0,1.007337,1.757966,,,
GM0376,Blaricum,0,0,489.1080769,3.323177236,388,27,0,0,0.000148992,23.00379056,32.13731412,6.805918912,7177,11.07316325,0,0.470748,0.13851,,,
GM0377,Bloemendaal,0.001174078,0,1382.425692,4.218327032,478,6,0,0,0.000189125,58.49952633,70.61170787,14.22304604,12488,39.76713523,4.685847877,0.896033,0.316567,,,
GM1901,Bodegraven-Reeuwijk,0.001189918,0,2185.065154,62.89034983,2587,223,13,0.000582308,0.00281963,316.1810569,109.4515351,20.93783053,17882,75.4036042,0,1.214437,1.286456,,,
GM0755,Boekel,0,0,1368.881077,28.91791519,1165,56,1,0.001444352,0.001296508,145.1644995,63.33283486,6.432875329,6209,34.49920484,0,0.60129,1.153525,,,
GM1681,Borger-Odoorn,0,0,3067.803231,213.1143855,2265,127,3,0,0.009554785,386.8982895,266.3122028,15.41508433,15982,274.6857022,0,1.449955,1.444594,,,
GM0147,Borne,0.00011325,0,1553.869154,16.08234831,1225,77,7,0,0.000721037,68.19156827,66.74800957,14.10153347,12586,25.98992917,0,0.870596,0.575288,,,
GM0654,Borsele,0,0,2050.568231,116.6388588,2322,139,36,0,0.005229394,412.0777524,125.9842318,13.85243271,13512,141.4713853,51.74009659,0.973272,1.872173,,,
GM0757,Boxtel,0.002067804,0,2254.969385,39.67144999,2116,142,5,0.000610117,0.001778632,175.5667353,103.611268,18.68073458,16841,69.01286061,0,1.273519,1.395412,,,
GM0758,Breda,0.014866644,0,12424.08915,56.11720965,15376,423,31,0.007212788,0.002515963,442.1368145,494.6441976,111.7144017,148119,125.6917739,0,5.356542,6.372717,,,
GM1876,Bronckhorst,0,0,5140.898231,226.6650035,3402,153,1,0.000175066,0.010162314,613.5321995,230.5539872,22.00106549,22460,283.5326899,0,1.95283,2.736593,,,
GM0213,Brummen,0.000325099,0,1472.911077,57.7983253,1193,67,1,0,0.002591334,146.4154759,82.15620433,12.57533562,11886,83.62839585,0,0.796,1.053072,,,
GM0899,Brunssum,0,0,2127.591615,1.768756428,1042,49,9,0,7.93E-05,49.65279994,75.99473733,17.07433844,15780,17.23943124,0,1.022871,0.694049,,,
GM0312,Bunnik,0.00079473,0,937.1126154,28.23829033,882,40,15,0,0.001266037,92.31496801,51.67210142,9.230094636,7576,36.93030778,0,0.542781,0.609492,,,
GM0313,Bunschoten,0,0,1182.973385,24.27138375,1549,217,0,0,0.001088185,96.149907,61.42041403,13.10877579,10167,30.38872607,0,0.60326,0.845194,,,
GM0214,Buren,0,0,2497.647846,114.6184477,2672,284,0,0.000302848,0.005138811,253.2893851,109.254342,16.14172948,16537,133.5967614,0,1.295124,1.521877,,,
GM0502,Capelle aan den IJssel,0.00076424,0,2958.348769,0.75160596,2593,97,4,0,3.37E-05,119.6510382,174.0239528,40.59613371,31332,14.14249361,0,1.330252,0.972373,,,
GM0383,Castricum,0.002557234,0,1916.372538,22.99097266,1548,129,0,7.14E-05,0.001030779,151.5020561,104.3364471,21.73373784,18053,49.64256643,5.186662752,1.250343,0.683617,,,
GM0109,Coevorden,0.000654158,0,5200.576231,229.7405003,2689,122,1,7.25E-05,0.010300201,554.1102407,212.8469056,21.55815218,20478,296.1138746,0,1.959397,2.336088,,,
GM1706,Cranendonck,0.00049537,0,1909.268462,37.22619994,1689,87,0,0.00071106,0.001669002,160.8288778,86.12376499,12.41858441,12459,76.496415,0,0.974826,1.403877,,,
GM0216,Culemborg,0.003105269,0,1606.412769,18.06899935,1211,156,2,0,0.000810107,85.90484314,81.32102612,17.34895684,14009,29.27160349,0,0.840364,1.023649,,,
GM0148,Dalfsen,0.000454188,0,2936.061923,133.9654641,2612,233,127,0,0.006006217,381.7953942,179.9270926,17.31493332,17307,165.0193924,0,1.385018,2.073374,,,
GM1891,Dantumadiel,0,0,1642.313077,69.90851853,1536,58,10,0.000179265,0.003134283,215.1180168,69.16257246,11.49691158,10509,84.59714521,0,0.978196,0.664049,,,
GM0503,Delft,0.015530701,1,6739.799154,2.086308676,2529,106,1,0,9.35E-05,187.9951021,268.0712564,62.67800506,34212,22.66470574,0,1.810325,1.745903,,,
GM0762,Deurne,0.001531648,0,3422.005385,74.74121599,2854,220,20,0.002519258,0.003350953,429.5640921,183.4821846,19.66194857,17766,116.758419,0,1.627183,3.102072,,,
GM0150,Deventer,0.008510782,0,5761.523615,85.02104927,3583,171,748,0,0.003811839,390.0803154,347.7705187,60.7301586,47012,130.5633777,0,2.903937,3.089854,,,
GM0384,Diemen,0.002366372,1,1204.588231,2.32595004,951,73,43,0,0.000104282,62.42602876,78.65513386,17.73840462,10737,11.94655609,0,0.562167,0.457436,,,
GM1980,Dijk en Waard,0.001532836,0,3782.855538,32.63621231,4588,275,5,0.012775757,0.001463214,101.5653771,74.47958574,17.00689896,44840,61.89924476,0,2.673359,3.79087,,,
GM1774,Dinkelland,0,0,2343.427615,142.7794855,2617,197,24,0.002383322,0.006401385,415.1777723,142.745644,16.00928078,15457,175.7240731,0,1.378524,2.208843,,,
GM0221,Doesburg,0,0,691.6485385,7.369777826,416,28,1,0,0.000330417,41.84498456,32.3579286,6.773110519,6066,11.55861289,0,0.361175,0.26326,,,
GM0222,Doetinchem,0.003606183,0,4150.669462,49.56718604,3560,182,6,0.000247551,0.002222299,224.8226669,193.4082971,34.96827914,32465,79.04305888,0,1.996096,2.418197,,,
GM0766,Dongen,0,0,1813.526615,19.97098816,1331,125,25,0.004261941,0.000895381,120.9008824,73.51121005,15.82761949,14868,29.23352464,0,1.12804,1.550517,,,
GM0505,Dordrecht,0.008708771,0,6988.265385,27.78023834,6809,296,18,0.000385335,0.001245501,417.7695487,329.4181477,72.08976099,60837,77.55648952,0,2.604998,2.817677,,,
GM0498,Drechterland,0.005106548,0,1681.727077,50.68844153,1571,101,4,0.002590568,0.002272569,123.4285434,61.87652654,11.90640894,10583,58.88488683,0,0.83245,1.49619,,,
GM1719,Drimmelen,0.000342522,0,2215.244,66.90841446,2006,84,7,0.012638126,0.002999776,470.123441,115.4799975,16.49533105,15610,95.05122536,0,1.070011,2.650059,,,
GM0303,Dronten,0.001112702,0,2901.972846,264.1822981,2593,154,11,0,0.011844367,1411.988003,303.6912014,24.79767724,22910,333.6019604,0,1.491041,2.531373,,,
GM0225,Druten,0,0,1560.842692,27.54079667,1322,99,2,0.000216848,0.001234766,119.6524814,64.54469436,11.42035867,10649,37.52108986,0,0.744628,0.756603,,,
GM0226,Duiven,0.001292476,0,1110.925615,23.03709957,1113,159,0,0.000817936,0.001032847,75.26630047,75.40871482,15.39078181,13492,33.87941234,0,0.880543,1.26771,,,
GM1711,Echt-Susteren,0.001162991,0,3265.570769,70.47152338,1969,138,16,0,0.003159525,238.1362305,132.4093606,19.22207307,19395,103.02283,0,1.625371,1.437355,,,
GM0385,Edam-Volendam,0,0,1874.129462,43.91392219,2973,118,21,0,0.00196884,120.8920151,99.38112823,21.93241089,15856,54.32155217,0,1.201671,0.83432,,,
GM0228,Ede,0.006076697,0,8319.983077,108.0405347,8561,849,22,0,0.004843897,514.0190982,659.3415614,70.30109599,61460,318.1451393,0,3.636138,5.46154,,,
GM0317,Eemnes,0,0,623.6815385,25.35951219,742,46,0,0,0.00113697,48.35138023,29.11533861,5.536720143,5335,31.03868632,0,0.322899,0.254866,,,
GM1979,Eemsdelta,0.001499177,0,6531.930231,225.5435601,2504,77,1,0,0.010112035,636.4836599,358.628798,27.97887626,24198,268.0701145,91.19826738,2.531728,2.402362,,,
GM0770,Eersel,0,0,2051.941154,49.94711243,1709,114,1,0,0.002239332,244.0506106,148.8048626,11.61052584,11707,82.46634757,0,0.989462,1.275687,,,
GM1903,Eijsden-Margraten,6.34E-05,0,2064.474,60.62053858,1386,130,2,0,0.002717865,153.9813236,95.06010372,15.5888473,15129,77.55693168,0,1.295416,0.954296,,,
GM0772,Eindhoven,0.026696524,0,13911.80869,12.94354654,8986,1533,22,6.71E-05,0.000580312,402.6801406,614.9507435,140.7370709,104234,88.01558927,0,6.25857,6.323452,,,
GM0230,Elburg,0.000476363,0,1883.280077,29.47834506,1579,74,0,0,0.001321634,98.84599504,86.07986367,14.02619568,12668,63.81582231,0,0.772855,0.9109,,,
GM0114,Emmen,0.001222784,0,8360.906385,234.602034,6749,397,5,0.02057955,0.010518163,706.6901694,443.5553293,65.07787827,58987,335.3316443,0,4.758685,6.926678,,,
GM0388,Enkhuizen,0.000636339,0,1181.879,6.838101979,908,25,0,0.001535403,0.00030658,46.22385158,51.05604769,11.24416544,8436,12.6644444,0,0.582613,0.795203,,,
GM0153,Enschede,0.003457691,0,10203.40369,68.37285914,5791,511,2,0.000104423,0.003065433,374.6438253,461.4550607,96.59398537,70551,140.7280983,0,4.760136,4.48686,,,
GM0232,Epe,0,0,3261.405462,68.19526958,2358,136,0,0.000203967,0.003057471,207.6893576,192.2747201,20.13767027,19091,156.1212696,0,1.297462,1.676272,,,
GM0233,Ermelo,0.000882638,0,3627.969154,19.84507044,1596,207,5,8.74E-05,0.000889735,108.418483,114.719081,16.3179227,14211,85.63607443,0,1.016849,1.314614,,,
GM0777,Etten-Leur,0.001161803,0,2277.826385,37.97576709,2084,217,4,0.00618157,0.001702608,169.8104394,126.6226788,26.59545567,22913,55.29171622,0,1.435839,3.027892,,,
GM1940,De Fryske Marren,0,0,7905.810769,291.766255,4399,224,23,1.95E-05,0.013081068,1496.436485,259.5690145,31.24695676,29481,351.2101566,0,2.933939,2.612817,,,
GM0779,Geertruidenberg,0,0,1208.889923,15.98240686,1245,59,4,0.000278635,0.000716556,116.4632817,86.89072594,13.07171446,11974,26.59730194,0,0.713107,1.30769,,,
GM1771,Geldrop-Mierlo,0.000595949,0,2247.619462,10.3930796,2380,115,7,0,0.000465964,101.357442,113.2752939,24.05645057,22240,31.01449722,0,1.405347,1.147656,,,
GM1652,Gemert-Bakel,0,0,4033.983462,77.69856572,2712,208,4,0.001018133,0.003483543,407.9969823,202.6541584,18.49846573,17310,122.0654701,0,1.490025,2.584671,,,
GM0907,Gennep,0,0,1644.621692,31.75476585,972,117,0,9.27E-05,0.001423695,109.8050399,81.32685776,10.37170521,9799,47.56814255,0,0.732774,1.151501,,,
GM0784,Gilze en Rijen,0.001776759,0,2081.477154,36.55457305,1518,98,1,0.000684433,0.00163889,163.3121248,119.8963647,16.05849337,14443,65.38320355,0,0.989994,1.630209,,,
GM1924,Goeree-Overflakkee,0,0,6090.464154,180.3295851,3716,197,79,0.002446214,0.008084909,883.7779529,210.230754,30.14179996,28379,262.2018841,43.96854475,1.86798,2.70871,,,
GM0664,Goes,0.002291136,0,3435.760462,69.32528736,2483,130,1,0,0.003108135,285.4747887,147.2112419,22.87656354,21617,92.47549092,3.120173305,1.348652,1.380722,,,
GM0785,Goirle,0,0,1468.072,24.55002497,1146,85,2,0,0.001100677,112.6996518,90.16233854,14.45574261,12645,42.97391188,0,0.912349,0.787101,,,
GM1942,Gooise Meren,0.00495568,0,3895.219385,13.22276261,1838,47,0,0,0.00059283,181.6058189,158.3616784,35.0654892,29412,41.43441052,0,1.724145,1.009728,,,
GM0512,Gorinchem,0.000657326,0,2630.927077,7.113999271,1901,97,5,0,0.00031895,86.8506548,99.06936911,22.28662003,17719,18.71369878,0,0.873332,1.153151,,,
GM0513,Gouda,0.012169234,0,4767.488462,2.984848364,2498,94,3,0,0.000133823,132.1391493,184.1499124,44.46205605,29676,16.4988463,0,1.604982,1.180514,,,
GM0518,'s-Gravenhage,0.053455216,1,29826.91846,1.767539343,20724,486,156,0.000583187,7.92E-05,876.3215498,1347.863809,326.7673439,203451,82.44174336,12.52226543,9.800414,5.936362,,,
GM0014,Groningen,0.008573346,0,14752.96423,107.7758644,11095,412,308,7.38E-05,0.00483203,399.8624279,537.2888038,123.8328501,97287,185.525439,0,5.914107,4.680075,,,
GM1729,Gulpen-Wittem,0,0,1833.179538,58.41734902,750,45,2,0,0.002619087,113.6848072,72.98969474,8.655340191,8458,73.18076681,0,0.746127,0.463325,,,
GM0158,Haaksbergen,0,0,2404.442231,71.19372904,1631,86,0,0,0.003191904,257.7566561,108.3705934,14.74980302,13663,104.7810176,0,1.013607,1.55369,,,
GM0392,Haarlem,0.015902922,0,8766.037846,4.094947907,5030,247,95,6.62E-05,0.000183593,289.0808473,407.5014188,97.97862108,64102,29.21216346,0,3.629916,2.398528,,,
GM0394,Haarlemmermeer,0.039426068,0,7073.975846,115.1433619,20457,1098,44,0.010920587,0.005162345,461.1454504,473.1669451,89.96061431,126589,197.2147668,0,4.345982,8.122333,,,
GM1655,Halderberge,0.000412214,0,2523.985923,57.75697204,1955,135,8,0.002106971,0.00258948,247.4175192,104.1877971,18.34475233,17657,74.44324677,0,1.301757,2.089246,,,
GM0160,Hardenberg,0.001343162,0,5998.986,254.7302925,4799,339,1,4.44E-05,0.011420595,691.0314244,412.4319312,36.80251135,34363,312.1595526,0,2.622064,4.028906,,,
GM0243,Harderwijk,0.001977124,0,2949.930385,8.41312407,2459,124,1,0.000280611,0.000377195,95.39483644,136.1171353,28.9084474,23473,38.92496363,0,1.344503,1.524939,,,
GM0523,Hardinxveld-Giessendam,0.000494578,0,832.1070769,10.77703809,1420,115,16,0,0.000483178,67.05502759,48.97334756,10.96711679,8979,16.8577263,0,0.507454,0.603502,,,
GM0072,Harlingen,0.00083512,0,1262.294385,16.64318145,962,67,3,0,0.000746182,75.14325641,47.88500042,9.573975202,7605,24.961535,361.8309267,0.591365,0.661455,,,
GM0244,Hattem,0,0,830.2786154,12.48528372,564,30,0,0,0.000559766,47.49666851,37.89922902,7.395862428,6399,23.06923338,0,0.46234,0.325746,,,
GM0396,Heemskerk,0.00090996,0,1991.956,6.669901384,1559,49,1,0.00162562,0.000299039,77.70614712,110.3435735,23.79459099,19366,27.27126141,3.971840414,1.03845,0.865053,,,
GM0397,Heemstede,0.002477642,0,1671.331769,1.501810272,523,52,0,0.000124031,6.73E-05,50.88318299,70.52604031,16.5779596,13628,9.171709936,0,0.831,0.402394,,,
GM0246,Heerde,0,0,1442.858385,39.61348423,1204,75,4,0.000379483,0.001776034,117.2067425,83.84773167,11.26786039,10621,78.54522212,0,0.751312,0.878128,,,
GM0074,Heerenveen,0.004813919,0,5742.332308,146.1550137,3258,321,1180,0,0.006552724,502.0093062,232.0463399,30.53428555,27468,189.9662128,0,2.290272,2.360181,,,
GM0917,Heerlen,0.001077459,0,6635.554385,7.808009799,3225,248,8,0,0.000350065,160.5631828,258.561995,52.75589635,45757,44.90635255,0,2.74654,2.526463,,,
GM1658,Heeze-Leende,0.001618367,0,1744.827154,44.36095318,1169,58,3,0,0.001988882,206.4252217,127.9668434,9.699133147,9702,103.9230461,0,0.812588,0.971783,,,
GM0399,Heiloo,0.000280749,0,1213.537846,9.55121605,881,47,1,0.000302229,0.00042822,54.58676479,63.38446159,14.25585443,12107,18.70540084,0,0.808728,0.479385,,,
GM0400,Den Helder,0.001918123,0,5100.256846,17.20185698,2107,67,10,0,0.000771229,138.4278142,154.4885391,33.78292405,26441,45.10239666,131.4515598,1.734834,1.62707,,,
GM0163,Hellendoorn,0.001233475,0,3387.506231,81.58462449,2174,105,8,0,0.003657771,300.8377873,178.8357739,21.75561011,20609,137.9311319,0,1.397903,1.902855,,,
GM0794,Helmond,0.001699939,0,4925.321462,14.93424421,4308,215,13,0.00199655,0.000669563,198.090987,252.5901679,55.60658119,46215,53.16647863,0,2.899962,3.349649,,,
GM0531,Hendrik-Ido-Ambacht,0,0,885.5633846,2.347781911,1047,25,0,0.001790113,0.000105261,53.18346744,78.22200639,18.81379084,15048,10.18665961,0,0.722869,0.652504,,,
GM0164,Hengelo,0.024883335,0,5438.824462,25.26608664,4390,267,9,7.51E-05,0.001132781,178.5531773,219.712023,49.01999246,49781,60.841271,0,2.661354,2.677392,,,
GM0796,'s-Hertogenbosch,0.002032561,0,10230.29769,54.35058804,8574,714,7,0.000205939,0.002436758,472.2776021,426.9632137,93.68922744,84703,109.483253,0,4.641193,4.244602,,,
GM0252,Heumen,0,0,1056.626077,23.25388433,726,43,15,0,0.001042566,86.05642159,57.01761689,10.01628095,8904,39.72860371,0,0.683947,0.605724,,,
GM0797,Heusden,0,0,3349.858,46.08251552,2861,175,3,0.006681035,0.002066067,181.2758547,147.7756152,26.81478586,25750,78.85616384,0,1.733067,2.748035,,,
GM0534,Hillegom,0.009876118,0,1299.629846,7.463428926,1142,102,0,0.00071125,0.000334616,47.5702557,55.40255216,13.3457253,11957,12.85513697,0,0.632717,0.844834,,,
GM0798,Hilvarenbeek,0,0,1976.714769,56.57951231,1450,129,1,0.000135994,0.00253669,318.382809,103.6270931,9.316368559,9322,94.86681139,0,0.819415,1.33197,,,
GM0402,Hilversum,0.003882972,0,5488.440231,5.70288295,3190,107,1414,0,0.000255683,173.4374487,239.1942504,54.82525538,41060,45.60986153,0,2.354859,1.698287,,,
GM1963,Hoeksche Waard,0,0,5020.133538,213.9738436,5521,319,22,0.005033221,0.009593318,882.0848644,335.2809379,52.64896529,48613,268.5400092,0,3.008789,3.6596,,,
GM1735,Hof van Twente,0,0,3586.622308,156.8579479,2569,107,18,0,0.00703258,498.8419735,282.0125586,21.22824556,20660,212.4329667,0,1.589063,3.002939,,,
GM1966,Het Hogeland,0.002362016,0,8630.407462,385.2723773,3350,115,8,0.000585775,0.017273328,5991.852324,392.5284266,30.04155209,25586,476.7432599,408.5158815,3.295705,2.993022,,,
GM1911,Hollands Kroon,0.000630399,0,6468.533077,316.6373514,4574,443,21,0.027047458,0.01419614,964.5742022,285.7419481,29.0506171,27912,357.632398,178.4880129,2.41223,7.539034,,,
GM0118,Hoogeveen,0.000383308,0,4732.607308,87.70657019,3998,204,28,0,0.003932242,269.7837004,197.5534505,33.81816269,29044,127.5436188,0,2.114922,2.411389,,,
GM0405,Hoorn,0.002490709,0,4075.745231,2.33575244,4814,183,0,7.56E-05,0.000104721,124.2193355,187.6693649,44.35451743,34648,20.374905,0,2.006997,1.491801,,,
GM1507,Horst aan de Maas,0.002413493,0,5769.015615,130.8415333,2943,269,24,0.024411884,0.005866158,441.79165,250.3907294,25.69443998,25862,188.6749322,0,2.292213,7.16927,,,
GM0321,Houten,0.001983064,0,2266.346154,38.75806921,8749,163,1,0.00204701,0.001737682,177.2255421,149.5583488,30.32406881,73318,54.90155704,0,1.444235,1.449055,,,
GM0406,Huizen,0,0,1654.201615,1.088568173,1553,38,0,0,4.88E-05,73.08148013,109.524012,25.07594102,22066,15.81048947,0,1.180206,0.526335,,,
GM0677,Hulst,0,0,1931.248385,154.193004,1539,102,1,0,0.0069131,788.6092541,169.7958973,16.72255955,16652,201.2617546,47.28585368,1.339219,1.58021,,,
GM0353,IJsselstein,0,1,1304.792077,13.12699997,1335,67,0,0,0.000588537,85.10024916,90.05559374,20.75434655,15587,21.01151466,0,0.905054,0.622776,,,
GM1884,Kaag en Braassem,0,0,2833.805846,53.80373046,1888,183,0,0.010391774,0.00241224,253.1859345,85.71341609,16.32278321,15061,63.1346502,0,1.011751,2.192972,,,
GM0166,Kampen,0.000638319,0,4384.208462,112.652767,3209,195,0,0.008071479,0.005050682,419.5179229,187.9493878,32.67412187,24565,141.2331602,0,1.799342,3.087253,,,
GM0678,Kapelle,0.000380932,0,1066.284846,27.76302217,909,39,30,0.005622019,0.001244729,111.2720191,48.71986046,7.767690885,7227,37.13450101,11.51402111,0.485679,1.430559,,,
GM0537,Katwijk,0,0,3856.803077,6.184724558,3027,486,19,0.007001373,0.000277286,121.6429734,164.8867911,39.67506845,27215,24.80667936,4.787786229,1.548098,2.374806,,,
GM0928,Kerkrade,0,0,3076.290462,3.700635537,1711,104,21,0,0.000165915,84.247534,127.4666259,27.73038305,24608,21.90852598,0,1.632694,1.349664,,,
GM1598,Koggenland,0.00042251,0,1588.491923,69.45728885,2220,168,3,0.003821823,0.003114053,234.3126727,76.28479252,13.81476381,12898,80.25539429,0,0.935538,1.602777,,,
GM0542,Krimpen aan den IJssel,0,0,1294.239385,0.413306701,1029,98,0,0,1.85E-05,56.16252894,75.6038229,17.84776593,13987,7.6736574,0,0.753756,0.534513,,,
GM1931,Krimpenerwaard,0,0,3242.478385,128.3242206,4194,288,0,0,0.005753297,416.1449357,182.0958953,34.05268195,28953,148.3199793,0,1.812482,2.067755,,,
GM1659,Laarbeek,0,0,3841.986923,38.44243661,1703,168,0,0.002548341,0.001723531,170.6701495,101.9427014,13.56870086,12970,55.3511207,0,0.969573,1.706577,,,
GM1982,Land van Cuijk,0.002792841,0,10168.62777,252.3529942,5881,614,13,0.001887573,0.011314011,430.5501365,107.6501193,7.051374298,52033,341.2622239,0,3.960186,6.809434,,,
GM0882,Landgraaf,0,0,2215.968538,7.43895641,1438,93,0,0,0.000333519,70.3574224,106.6010887,22.83889465,21428,24.58345799,0,1.451904,0.736203,,,
GM0415,Landsmeer,0,0,567.7246923,15.15217613,539,13,1,0,0.000679334,101.0378327,31.84401261,6.979681884,5678,22.43872031,0,0.372406,0.215509,,,
GM1621,Lansingerland,0,0,2816.791769,29.46449712,3557,340,6,0.075475284,0.001321013,157.1135652,164.0513405,37.42647839,32099,53.27243562,0,1.730338,11.350783,,,
GM0417,Laren,0,0,878.5153077,0.461078391,396,12,0,0,2.07E-05,21.41516313,32.03038432,6.801665972,6932,12.41048609,0,0.530579,0.221939,,,
GM0080,Leeuwarden,0.003867133,0,11032.82962,178.477084,6119,410,9,0.00015602,0.008001854,780.9856383,383.6637387,74.7952383,57846,237.554441,0,4.294553,3.775684,,,
GM0546,Leiden,0.034706787,0,7081.349231,2.156846316,3195,129,0,0,9.67E-05,210.5208591,312.4119507,75.88399091,40657,21.85227684,0,2.484526,1.770472,,,
GM0547,Leiderdorp,0,0,1624.442077,5.205578725,1100,26,0,0,0.000233387,57.40309154,70.63082619,16.47042098,13131,11.49636905,0,0.655973,0.413814,,,
GM1916,Leidschendam-Voorburg,0.000536156,1,4318.451385,16.91989211,3136,90,1,0.001941743,0.000758588,176.8777545,196.01137,45.82542706,36033,32.60986856,0,1.74354,1.136341,,,
GM0995,Lelystad,0.00498617,0,4312.828385,113.2455522,3330,84,10,0,0.005077259,1191.203527,328.6898371,47.32489214,37988,228.9987121,0,2.410994,2.438657,,,
GM1640,Leudal,0,0,5652.012692,112.9038772,2638,237,26,0.002784693,0.00506194,516.2901266,350.586815,21.67844962,21858,162.5081077,0,2.058388,2.862651,,,
GM0327,Leusden,0,0,1627.470923,27.99290696,1167,34,0,0,0.001255036,117.0932842,104.0976081,18.24511203,16235,58.50615185,0,0.984103,0.800151,,,
GM1705,Lingewaard,0,0,3311.801615,45.44743961,2217,203,0,0.014314389,0.002037594,148.3026841,138.2031123,28.2364829,24972,61.9648132,0,1.733414,3.286842,,,
GM0553,Lisse,0,0,1361.235692,8.196649558,1221,83,0,0.000598489,0.000367489,52.21112597,60.2582457,13.85243271,12078,15.69862869,0,0.609791,0.857683,,,
GM0262,Lochem,0,0,4284.799692,159.1702793,1858,110,0,6.87E-05,0.007136251,407.6502279,200.5088683,20.40803573,20069,213.0462125,0,1.728694,2.112504,,,
GM0809,Loon op Zand,0,0,1614.410846,22.22921169,1388,73,1,0.000586479,0.000996626,94.35674971,90.59640096,14.17261832,13392,49.91612835,0,0.848233,0.981618,,,
GM0331,Lopik,0,0,813.0090769,69.37415223,1637,169,1,0,0.003110325,177.1474309,67.5541532,8.793256955,7931,75.5587972,0,0.529271,0.89976,,,
GM0168,Losser,0,0,2137.191692,71.24391135,1134,48,7,0,0.003194154,199.7376215,103.282124,13.74428652,12734,98.74286649,0,0.986487,0.990265,,,
GM0263,Maasdriel,0,0,2270.855308,52.66735165,2622,239,81,0.00274185,0.002361292,166.0649739,76.86176159,15.00254916,15021,65.88439614,0,1.272448,2.008938,,,
GM1641,Maasgouw,0,0,2482.672308,23.80548605,1472,110,5,6.88E-05,0.001067297,181.6185522,77.318436,14.40896027,14577,45.69799374,0,1.250586,0.843778,,,
GM1991,Maashorst,0,0,5562.429846,85.57052434,5610,502,9,0.000787625,0.003836475,218.4186202,168.0011265,25.3851905,35218,137.3253401,0,2.511179,3.596529,,,
GM0556,Maassluis,0,0,1643.478385,1.62937987,1053,39,9,0.000331532,7.31E-05,56.75110696,83.41505522,19.90861908,15676,8.444811983,0,0.658731,0.507311,,,
GM0935,Maastricht,0.003933262,0,8283.048923,19.18061894,3355,222,10,0,0.000859945,237.4561617,327.0272153,73.85837641,46846,55.78646413,0,3.711025,2.508613,,,
GM0420,Medemblik,0,0,4891.411538,98.98624634,3894,503,5,0.016292333,0.004437956,286.2276152,139.0977897,27.22428321,24869,121.2286113,0,1.93792,4.646168,,,
GM0938,Meerssen,0.000331831,0,1293.663154,16.04103785,1225,141,1,0,0.000719185,53.62492174,57.88806745,11.49691158,10761,26.72512493,0,0.899026,0.443731,,,
GM1948,Meierijstad,0,0,6409.052308,131.8425012,7310,557,33,0.002106741,0.005911036,605.7435708,349.9958666,49.10019076,47192,183.9981184,0,3.338554,5.880453,,,
GM0119,Meppel,0.002528723,0,2725.222615,39.56747421,1684,116,7,0,0.001773971,148.4392973,102.5606432,20.3922391,17758,55.5020372,0,1.234854,1.177297,,,
GM0687,Middelburg,0.00172251,0,4885.263615,28.40053823,2085,156,4,0.000670571,0.001273312,1377.164675,144.1857301,29.49353041,23385,48.37741112,0,1.546057,1.36553,,,
GM1842,Midden-Delfland,0,0,1484.013538,37.97040133,1383,137,2,0.017161709,0.001702368,132.2535291,59.99313622,11.78125099,9567,47.1872104,0,0.799926,2.644604,,,
GM1731,Midden-Drenthe,0.000628419,0,4906.571923,250.5242718,3024,119,4,0,0.011232022,652.6341082,355.9319025,20.15771984,19624,340.6223794,0,1.818312,2.457181,,,
GM1952,Midden-Groningen,0.001573621,0,6277.066462,221.2326106,3649,238,18,0.00477403,0.009918758,675.4970797,333.3696014,36.99996927,34106,277.9486926,0,3.439682,2.69755,,,
GM1709,Moerdijk,0.000371824,0,2766.361231,116.2407236,2954,267,39,0.004363179,0.005211544,516.4138499,187.3920195,22.45613006,22291,159.1685433,0,1.430881,4.248548,,,
GM1978,Molenlanden,6.34E-05,0,2142.861846,161.2909244,4031,358,12,0,0.007231328,513.8961497,168.7587108,26.64649095,24092,181.572319,0,1.481169,2.163738,,,
GM1955,Montferland,0.000749193,0,2730.998,73.41435767,2283,220,10,0,0.003291464,226.7412586,150.1279469,21.8880588,20732,105.6981648,0,1.583457,1.953609,,,
GM0335,Montfoort,0,0,792.0563077,32.88059607,1193,116,0,0,0.001474171,118.7786277,45.52202303,8.503449481,7153,37.5790127,0,0.45617,0.646437,,,
GM0944,Mook en Middelaar,0.000494974,0,499.5143846,7.033130128,451,18,1,0,0.000315324,36.98553144,27.25644361,4.742635514,4799,17.38861303,0,0.36868,0.182323,,,
GM1740,Neder-Betuwe,0,0,1654.738231,47.4597062,2574,225,11,0.000658461,0.002127812,116.9182316,165.3239041,14.60216525,13251,59.99001405,0,0.906289,1.375789,,,
GM0946,Nederweert,0,0,1709.019462,73.14040039,1506,105,2,0.000204656,0.003279182,355.9094167,291.2392025,10.32917581,10579,99.89999682,0,0.969729,1.830856,,,
GM0356,Nieuwegein,0,1,2770.941308,2.807475197,3041,134,13,0,0.000125871,126.7280743,174.6827889,38.29833106,32187,23.41527794,0,1.487158,1.723656,,,
GM0569,Nieuwkoop,0,0,2324.43,60.65345294,2398,264,19,0.010286545,0.002719341,343.2632252,93.25816398,17.39330893,16113,78.46444018,0,1.05879,2.434787,,,
GM0267,Nijkerk,0.001509473,0,2004.729923,48.71846844,3114,326,1,0,0.002184247,169.1072931,191.287916,26.09057095,22898,69.32091521,0,1.362537,1.966435,,,
GM0268,Nijmegen,0.019191529,0,10601.42185,8.600724708,4974,454,10,0.000227425,0.000385605,310.0870004,462.0867,107.390377,71811,52.80570181,0,4.070612,3.51746,,,
GM1930,Nissewaard,0,0,4345.590462,45.92986111,3151,106,7,0.000203399,0.002059222,296.1268803,249.9027745,51.51950598,42601,73.31000703,0,2.072472,1.442679,,,
GM1970,Noardeast-Fryslân,0,0,7206.810154,305.2803671,3836,233,0,0.000143851,0.013686961,1152.551021,295.1199815,27.45029659,24938,379.2189843,119.6283262,2.614057,2.294715,,,
GM1695,Noord-Beveland,0,0,1734.300231,69.65700669,731,15,1,0,0.003123007,1404.088196,64.0059088,4.440069221,4810,86.00267333,28.50564474,0.403076,0.63111,,,
GM1699,Noordenveld,0,0,3479.484231,129.9974098,1831,82,4,0,0.005828313,468.8218639,163.5100138,19.0106412,17968,199.0124438,0,1.605078,1.386617,,,
GM0171,Noordoostpolder,0,0,6149.447231,401.7449638,3814,144,18,0.026706922,0.018011861,2122.553205,306.5471418,28.47160972,25773,458.0887197,0,2.089859,7.316461,,,
GM0575,Noordwijk,0,0,4327.161538,22.3221681,2401,242,84,0.001760914,0.001000794,50.30851618,70.5401693,15.90234972,22980,58.33758283,15.54445923,1.438295,1.80776,,,
GM0820,"Nuenen, Gerwen en Nederwetten",0,0,1322.861,19.19498342,1139,46,0,0,0.000860589,34.90880858,54.7486034,14.08695196,13484,33.64602119,0,1.007045,0.785776,,,
GM0302,Nunspeet,0.000909168,0,2697.731692,29.62590215,2224,126,13,0,0.00132825,145.6215,140.0427735,16.69643435,14617,128.7321038,0,0.941428,1.191426,,,
GM0579,Oegstgeest,0,0,1465.650077,1.103054395,497,78,0,0.000324246,4.95E-05,47.29018075,63.05389674,14.84032988,11040,7.294010878,0,0.666082,0.315278,,,
GM0823,Oirschot,0,0,2627.131615,57.77246743,1557,121,7,0.001148642,0.002590175,241.0454157,150.1892564,11.31464273,11287,101.7926419,0,0.898426,1.674029,,,
GM0824,Oisterwijk,0.000916296,0,2825.200462,48.82234847,2009,102,0,0.001102422,0.002188904,186.2242084,107.2349463,15.88169259,17927,80.10724269,0,1.355564,1.773226,,,
GM1895,Oldambt,0.001508285,0,5098.447769,183.3189187,2214,151,6,0,0.008218933,565.0578667,284.8427619,23.16576345,21789,226.5722957,55.46577926,2.089006,1.899846,,,
GM0269,Oldebroek,0.000367073,0,1642.023308,57.44015944,1884,208,5,0.000141286,0.002575276,148.1386043,97.76308166,14.33726785,12329,97.66128343,0,0.882315,1.156956,,,
GM0173,Oldenzaal,0,0,2087.577462,6.961221337,1787,109,29,0,0.0003121,62.17695101,86.66102111,19.34480076,16772,21.55375649,0,1.105029,1.272675,,,
GM1773,Olst-Wijhe,0.000827993,0,1730.031385,96.32535485,1071,40,10,0,0.004318657,275.1275013,96.05769907,10.97926805,10182,113.6624025,0,0.820689,1.010482,,,
GM0175,Ommen,0.000680688,0,2931.369077,113.1930055,1393,75,2,0,0.005074903,386.8635417,165.8639582,10.82251683,10401,179.8468243,0,0.975178,1.367617,,,
GM1586,Oost Gelre,0,0,3578.346,89.54935418,2473,339,5,0,0.004014862,331.9994397,175.6481169,18.04704654,16764,109.9341804,0,1.359823,2.386959,,,
GM0826,Oosterhout,0,0,4117.346308,33.13384691,3425,299,15,0.001737667,0.001485525,202.3874494,174.9474527,33.7902148,31753,71.42940319,0,1.782094,3.145239,,,
GM0085,Ooststellingwerf,0,0,3636.822231,162.7654766,2019,161,5,0,0.007297438,524.2258715,188.7560674,15.49102968,14961,223.2961083,0,1.468805,1.675151,,,
GM0431,Oostzaan,0,0,259.805,5.123688002,509,78,0,0,0.000229716,78.27740869,25.05912532,5.927990611,5108,11.55801227,0,0.286634,0.210355,,,
GM0432,Opmeer,0,0,1221.501923,36.38236379,1036,69,1,0.001178346,0.001631169,102.0216987,42.3378772,7.156482669,6930,41.47910916,0,0.529148,0.762637,,,
GM0086,Opsterland,0,0,3952.549769,177.7120243,2323,111,2,0,0.007967553,446.8758321,161.587388,18.05859024,17163,224.4012896,0,1.662219,1.560108,,,
GM0828,Oss,0.003851294,0,5111.211462,116.1771591,6548,437,64,0.00034683,0.005208695,519.9082615,309.4553625,55.5622291,50225,162.0093655,0,3.416189,4.347029,,,
GM1509,Oude IJsselstreek,0.000570606,0,3714.935,112.0588264,2473,141,0,6.89E-05,0.005024053,313.5855297,159.965001,23.98232791,22394,136.0706565,0,1.901556,2.336874,,,
GM0437,Ouder-Amstel,0.003745568,0,1012.391308,15.80328865,2242,85,31,0,0.000708526,64.00261964,40.77379198,8.454844454,7360,23.95061165,0,0.394497,0.614614,,,
GM0589,Oudewater,0,0,733.0722308,35.78316148,993,173,0,0.000157604,0.001604305,113.5508381,43.95770414,6.197748511,5253,38.8964767,0,0.365452,0.505672,,,
GM1734,Overbetuwe,0.0014477,0,3440.165538,85.05155026,3119,298,62,0.001579045,0.003813207,243.7040659,193.8815348,28.88536001,27552,109.0331513,0,1.83516,2.242514,,,
GM0590,Papendrecht,0,0,1560.428231,1.345191936,1072,141,1,0,6.03E-05,57.0244753,85.37059892,19.61820404,15914,9.414458729,0,0.741623,0.607794,,,
GM1894,Peel en Maas,0,0,4450.434308,112.2733171,3004,220,44,0.030004634,0.005033669,373.0211293,278.6958184,26.31415408,25383,159.3515073,0,2.159426,7.543378,,,
GM0765,Pekela,0,0,656.9493077,40.34408343,721,45,0,0,0.001808789,94.46957264,50.24791978,7.420772504,7337,49.03840956,0,0.609645,0.614923,,,
GM1926,Pijnacker-Nootdorp,0,1,3554.862385,21.41470642,2543,183,22,0.033833502,0.000960108,124.0543376,141.87312,33.00949655,25964,36.87367457,0,1.560802,4.770791,,,
GM0439,Purmerend,0.002019098,0,4640.506308,67.25047631,4516,199,357,0.001160463,0.003015112,147.4525576,208.3413684,48.6761119,45153,93.60746198,0,1.886391,1.081104,,,
GM0273,Putten,0.000639506,0,2299.324462,46.91753233,2180,164,2,0,0.002103504,157.9451343,153.9540277,14.70180556,12904,85.21335019,0,0.919937,1.409268,,,
GM0177,Raalte,0.003403441,0,3143.418385,139.5155114,2566,184,56,0.000221164,0.006255048,467.9474414,215.7314293,22.79028962,21267,170.9720558,0,1.619257,2.458425,,,
GM0703,Reimerswaal,0.0006894,0,1221.057462,74.83857804,2120,98,0,0.008208944,0.003355318,395.4322457,110.3592109,13.77831004,11870,101.7600524,129.5233375,0.781791,2.150022,,,
GM0274,Renkum,0.000434785,0,1797.297077,15.30376877,1156,49,0,0,0.00068613,80.29764128,98.90207101,19.01793196,16972,45.95756518,0,1.08338,0.629571,,,
GM0339,Renswoude,0,0,412.1086923,14.97722675,721,50,0,0,0.00067149,54.02322257,72.50699125,3.195172965,3158,18.38867673,0,0.221731,0.429982,,,
GM1667,Reusel-De Mierden,0,0,1169.367846,48.25266721,1237,62,1,0.00020293,0.002163363,358.0528177,103.069909,7.934770665,7685,77.81114193,0,0.652007,1.282816,,,
GM0275,Rheden,0.002228175,0,2691.111769,24.77288847,1711,56,4,0,0.001110669,158.3973343,151.2633573,26.51404225,22516,81.77475097,0,1.438937,1.001296,,,
GM0340,Rhenen,0.00060862,0,1072.545385,21.7967043,1313,66,0,0.000138923,0.000977235,90.28315267,75.89067134,12.15368701,10670,42.02265778,0,0.665066,0.667982,,,
GM0597,Ridderkerk,0,0,3119.360308,8.38273071,2443,131,16,0.005198524,0.000375832,86.95423861,128.0273918,28.09431319,23698,23.47563598,0,1.194729,1.84598,,,
GM1742,Rijssen-Holten,0.005603898,0,3446.819462,53.43207435,2728,337,1,0,0.002395577,223.6028783,149.3609773,23.2696567,20346,94.12321203,0,1.322267,1.783237,,,
GM0603,Rijswijk,0.002071763,1,2492.744308,0.814762927,2109,50,18,0.000531525,3.65E-05,95.14689809,147.7688504,32.48456226,30895,13.97640687,0,1.043677,1.055286,,,
GM1669,Roerdalen,0,0,1647.944231,49.19136953,1126,56,4,0.000374302,0.002205449,158.0492744,98.58504262,12.52490791,12614,88.21409676,0,1.057659,0.846848,,,
GM0957,Roermond,0.003550746,0,4009.125538,27.81822961,2686,157,4,0,0.001247204,210.778091,171.4271692,35.36562524,30470,60.63563034,0,2.044572,2.40651,,,
GM0736,De Ronde Venen,0.000633171,0,3117.760538,80.40599308,3107,312,7,0.002333795,0.003604928,397.2823924,137.3183059,26.76861108,24541,99.6780079,0,1.580926,1.856012,,,
GM1674,Roosendaal,0.004497928,0,5506.846385,71.24413136,4124,291,13,0.00334215,0.003194164,332.2303414,241.0119523,46.80178054,40572,106.497158,0,2.63825,3.711812,,,
GM0599,Rotterdam,0.061514185,1,36989.43615,23.19011559,23553,1226,397,0.009521256,0.001039707,1615.949957,1683.706381,391.6459415,244366,218.4238421,30.11246972,10.399875,14.498324,,,
GM0277,Rozendaal,0,0,108.4426923,0.613284272,32,7,0,0,2.75E-05,19.5163796,22.92024147,1.004908934,1039,27.89586036,0,0.080467,0.025104,,,
GM0840,Rucphen,0,0,2181.821,42.12084494,2131,157,15,0.001022002,0.001888449,152.0221202,79.79049572,13.71390838,13890,64.380361,0,1.074209,1.205914,,,
GM0441,Schagen,0.001602132,0,6004.526462,132.0931622,3798,199,2,0.00155779,0.005922274,398.6573341,152.2392461,28.2838728,25888,167.9904613,15.27674684,2.15305,2.468053,,,
GM0279,Scherpenzeel,0,0,584.8849231,9.258377746,761,52,1,0,0.000415091,36.14290446,68.90042427,5.9984679,5351,13.78564934,0,0.319982,0.455937,,,
GM0606,Schiedam,0.007644775,1,4098.976231,2.759298091,3171,141,1,0,0.000123711,144.2604981,203.3230967,47.38929381,32009,17.80758608,0,1.420068,1.438879,,,
GM0088,Schiermonnikoog,0,0,612.3691538,3.058254968,78,4,1,0,0.000137114,117.0690745,5.906615256,0.568678816,355,42.93302405,160.2301851,0.052936,0.098764,,,
GM1676,Schouwen-Duiveland,0,0,5680.426615,154.0147753,2851,125,28,0.00477667,0.006905109,670.2335074,164.8022147,20.52286511,19718,228.5978619,187.1120053,1.614706,2.663586,,,
GM0965,Simpelveld,0,0,894.7928462,11.97120315,418,22,12,0,0.000536718,41.47481661,33.82199862,6.389130805,6260,16.02994717,0,0.45927,0.218082,,,
GM0845,Sint-Michielsgestel,0,0,2053.528846,43.86716811,2104,167,0,8.49E-05,0.001966744,156.1026037,95.09536453,17.61385424,16400,58.34985736,0,1.296729,1.035199,,,
GM1883,Sittard-Geleen,0.003967316,0,6661.586615,30.38236983,5212,309,2,0,0.001362165,214.7205182,268.1379043,56.29738014,53330,78.61433196,0,3.623828,4.189781,,,
GM0610,Sliedrecht,0.000561895,0,1473.852615,6.48346406,1460,86,1,0,0.00029068,48.05975943,64.74626957,15.20486759,12361,12.84662053,0,0.599876,0.63731,,,
GM1714,Sluis,0,0,5229.463077,245.7199944,1865,114,7,6.78E-05,0.011016627,680.7470422,228.2817719,14.20846453,13867,278.6027514,23.93333179,1.400907,1.875875,,,
GM0090,Smallingerland,0,0,4452.32,87.88921703,5539,232,20,0.000175099,0.003940431,367.9408709,192.0537376,33.98585004,34558,117.172544,0,2.153682,2.037271,,,
GM0342,Soest,0.000993512,0,3457.827615,12.58385727,2176,169,1,0,0.000564186,102.8715309,132.4288205,28.06575774,25008,46.2497636,0,1.377756,1.27638,,,
GM0847,Someren,0,0,1979.881308,54.22482324,2078,198,2,0.006691305,0.002431119,239.6606485,261.7599432,11.73932916,11140,80.09791128,0,0.949907,2.7373,,,
GM0848,Son en Breugel,0,0,919.799,11.7890743,1006,335,0,0,0.000528552,55.41053752,79.45523597,10.27024221,10566,25.95139876,0,0.707594,1.10149,,,
GM0037,Stadskanaal,0,0,2836.017615,93.09404529,2459,123,2,0,0.004173785,206.6898263,159.03103,19.31381506,17836,117.6298904,0,1.574322,1.151227,,,
GM0180,Staphorst,0,0,2641.352,111.4031918,2037,174,1,0,0.004994658,272.6117769,124.6683103,10.33039094,9565,133.9430356,0,0.951521,1.184899,,,
GM0532,Stede Broec,0.000859671,0,1019.483769,7.166686821,986,63,1,0.001568064,0.000321312,66.06910942,59.78556514,13.18775896,10320,14.48271732,0,0.689767,0.840942,,,
GM0851,Steenbergen,0,0,4132.708769,124.9352388,1654,100,2,0.012595159,0.005601355,541.881523,128.468934,15.22187934,13892,146.5039403,0,0.932366,3.171222,,,
GM1708,Steenwijkerland,0.001243375,0,5399.025923,190.3926337,3369,150,10,0,0.008536076,1279.919375,211.2860423,26.6963111,24610,288.31324,0,2.366879,2.024583,,,
GM0971,Stein,0,0,1435.161077,9.047656559,1217,104,9,0,0.000405643,65.90039581,73.69620993,15.165376,15105,20.92345696,0,1.044801,0.57128,,,
GM1904,Stichtse Vecht,0.003959396,0,2851.830769,70.38529291,2946,178,3,0.000996216,0.003155659,355.3401156,192.2654088,39.08816275,33292,96.03570262,0,1.945704,1.593516,,,
GM1900,Súdwest-Fryslân,0.001910204,0,13873.48508,458.4283876,7138,396,7,0.000597877,0.020553209,1771.250971,447.6696169,54.5044622,46531,522.6970991,6.425804746,4.979037,0,,,
GM0715,Terneuzen,0,0,4300.904077,196.9218875,3119,220,3,0.007610603,0.008828809,719.3365113,266.2449891,33.16624777,31377,250.1269694,56.78049861,2.056099,4.315397,,,
GM0093,Terschelling,0,0,1586.020462,13.64487463,666,34,4,0,0.000611755,193.9798103,23.91437644,2.970982278,2547,87.20565342,586.2831704,0.234191,0.26651,,,
GM0448,Texel,0,0,4025.591923,99.95498606,1660,77,12,0,0.004481389,1445.862789,70.93154261,8.230653767,7566,162.2583729,298.2190133,0.828571,0.980507,,,
GM1525,Teylingen,0.002573865,0,1736.401692,17.37155829,1940,165,1,0.000540929,0.000778838,131.9156706,96.41392483,22.51688634,20106,28.31874434,0,1.103046,1.239984,,,
GM0716,Tholen,0,0,1859.005077,119.7667144,2335,85,10,0.003700436,0.005369629,512.0798017,134.1543593,15.66296997,14329,146.7182717,91.67918279,0.967345,1.797322,,,
GM0281,Tiel,0.001612427,0,2676.441308,17.5511916,2874,220,16,0,0.000786891,109.2588668,116.9289343,25.50427282,24699,32.79889906,0,1.184073,1.890521,,,
GM0855,Tilburg,0.01581541,0,13481.96192,44.96132782,13072,777,41,0.000548279,0.002015799,455.8516996,590.9613759,131.9984946,122310,125.8860607,0,5.97128,7.320944,,,
GM0183,Tubbergen,0,0,2586.306769,125.8280985,2733,137,23,0,0.005641385,358.3441473,162.5468566,12.92650694,13166,147.0020894,0,1.080392,1.966906,,,
GM1700,Twenterand,0,0,2781.972154,79.2858782,2728,206,8,0,0.003554708,264.9051911,147.4529322,20.53076342,18736,106.1400513,0,1.450223,1.70952,,,
GM1730,Tynaarlo,0,0,3491.660385,107.7862612,2140,80,0,0.000512151,0.004832496,295.6134911,136.7791108,20.47365252,24440,142.877384,0,1.637751,1.310932,,,
GM0737,Tytsjerksteradiel,0,0,3527.874,120.165828,2344,166,3,0,0.005387523,461.8397152,146.3398347,19.30834699,17785,148.6322717,0,1.620512,1.292527,,,
GM0450,Uitgeest,0.001776759,0,491.1966154,14.68951981,811,32,1,0,0.000658591,82.64261807,37.89364317,8.219110073,6732,19.15591875,0,0.399173,0.326415,,,
GM0451,Uithoorn,0,0,1540.296923,10.1089216,1372,109,1,0.017978569,0.000453224,67.26806284,79.40136309,17.87692895,15911,18.12111399,0,0.792122,3.138607,,,
GM0184,Urk,0,0,980.3796923,5.46873185,1427,59,2,0,0.000245185,75.76315396,102.3180547,12.61482721,7875,13.14218284,0,0.491772,0.526358,,,
GM0344,Utrecht,0.10434013,1,22676.19938,24.16889698,16260,1250,72,0.000477678,0.00108359,631.1838034,901.8976263,214.3882684,135664,93.77064444,0,7.072794,6.188976,,,
GM1581,Utrechtse Heuvelrug,0.004193816,0,5100.253308,48.40343373,2295,109,0,0.00011999,0.002170123,239.0022947,217.7759313,30.08347393,26201,132.0179792,0,1.848371,1.43393,,,
GM0981,Vaals,0,0,1104.852385,14.649799,289,21,4,0,0.00065681,40.09553004,36.26348579,6.131524162,4943,23.88834352,0,0.381987,0.231249,,,
GM0994,Valkenburg aan de Geul,0,0,2356.232385,24.21069838,814,49,39,0,0.001085464,71.67373936,58.21459692,10.00655994,9224,36.72723131,0,0.729577,0.468801,,,
GM0858,Valkenswaard,0,0,2298.955769,24.68751097,1721,93,12,0,0.001106842,144.8350584,101.727037,18.77976732,17582,54.90528561,0,1.199049,1.211064,,,
GM0047,Veendam,0,0,2158.317308,57.00079377,1539,72,0,0,0.002555577,137.0425263,108.6891807,16.70250998,15515,75.93326468,0,1.189016,1.323289,,,
GM0345,Veenendaal,0.002805117,0,3210.972692,3.793349057,3232,185,0,0,0.000170071,113.6179639,165.9512304,39.84943899,33139,19.42425531,0,1.590774,1.941281,,,
GM0717,Veere,0,0,4536.579846,94.08758045,1862,79,0,0.000791072,0.004218329,2639.847245,135.3822837,13.26613457,12393,132.9876097,63.91813788,1.088757,1.386566,,,
GM0861,Veldhoven,0,0,2866.961615,11.79949453,2256,157,9,0.00025477,0.000529019,100.3447069,126.0569072,27.54507639,24215,31.67884992,0,1.641216,1.436029,,,
GM0453,Velsen,0.000973317,0,3437.606154,3.321704596,3298,142,7,0,0.000148926,162.937677,188.9495264,41.52570486,33524,45.02829991,13.87899004,1.614426,2.375947,,,
GM0983,Venlo,0.001775571,0,7865.731769,47.51127742,3916,395,48,0.019849041,0.002130124,279.8027485,312.3604004,61.73020703,51000,124.1600241,0,3.791846,8.795072,,,
GM0984,Venray,0,0,4675.494846,108.8351337,2724,178,2,0.001635333,0.004879522,592.9590895,429.712936,26.32326752,24336,163.1806808,0,2.130674,4.033741,,,
GM1961,Vijfheerenlanden,0.000281937,0,3359.142538,117.5889248,4875,541,191,0,0.00527199,348.6578459,190.5572876,33.84854083,33235,146.2798998,0,1.766645,2.361685,,,
GM0622,Vlaardingen,0,1,4147.105692,4.084819049,2878,119,7,0,0.000183139,136.8451737,189.2648538,43.98997973,32237,23.36311166,0,1.318474,1.169085,,,
GM0096,Vlieland,0,0,460.2044615,0.125336478,140,11,0,0,5.62E-06,23.22115113,6.84742705,0.69140651,482,41.83963667,273.2618289,0.049091,0.074447,,,
GM0718,Vlissingen,0.001092507,0,2453.727692,12.31586557,1617,75,2,0,0.00055217,1308.352311,122.0828802,26.95817069,21619,34.36979947,309.3819717,1.289061,1.75568,,,
GM0986,Voerendaal,0,0,805.0113077,25.30949645,649,31,1,0,0.001134728,61.08554202,44.66804729,7.565372459,7447,31.51042374,0,0.59196,0.311042,,,
GM1992,Voorne aan Zee,0,0,5604.614615,74.91465143,3281,132,2,0.01981623,0.003358729,261.6516537,142.5052641,19.873988,40724,121.7693733,40.20492105,2.417383,3.986864,,,
GM0626,Voorschoten,0.001124185,0,1215.409308,4.492328834,724,43,0,0.000125876,0.000201409,50.51136195,68.85311483,15.48009355,11695,11.1131495,0,0.679939,0.414922,,,
GM0285,Voorst,0.000454188,0,2258.498538,99.2960494,1648,149,0,0.001197511,0.004451846,261.2654703,114.6652413,14.83486182,13585,122.9253778,0,1.091251,1.843838,,,
GM0865,Vught,0.00065297,0,2862.870846,32.38253513,1370,102,3,0,0.001451841,76.72847994,78.14979978,16.03722867,16286,60.01894359,0,1.166975,0.93491,,,
GM1949,Waadhoeke,0.000450228,0,6403.080769,253.5573004,3729,217,10,0.010442035,0.011368005,729.659894,297.7211143,27.9715855,25114,285.4181513,26.4268259,2.544618,3.461404,,,
GM0866,Waalre,0,0,792.6279231,8.510152711,548,21,1,0,0.000381545,51.59435803,53.05343767,10.47863627,9708,22.38466647,0,0.728948,0.339814,,,
GM0867,Waalwijk,0,0,3317.827538,42.52218468,3049,244,0,0.001092928,0.001906442,164.0966927,135.0219273,29.30883131,27607,64.53843879,0,1.694501,2.884881,,,
GM0627,Waddinxveen,0.001323363,0,1338.180615,17.27044998,1670,102,24,0.007696064,0.000774305,80.34960439,84.19382719,17.20374932,15867,27.7542629,0,0.793958,2.168525,,,
GM0289,Wageningen,0,0,2507.595385,15.09617229,960,44,0,0.00025616,0.000676823,90.70633813,109.6625788,23.55764148,14110,30.41944643,0,0.927228,0.758997,,,
GM0629,Wassenaar,0,0,1734.545385,12.00174682,856,71,0,0,0.000538087,84.60385904,82.749088,15.92482955,13870,51.17579761,9.453494429,0.970838,0.553863,,,
GM0852,Waterland,0,0,961.2336154,44.94015966,865,47,0,0,0.00201485,140.7062471,54.2822439,10.51995054,8289,51.99261168,0,0.552666,0.450482,,,
GM0988,Weert,0.002668108,0,4519.911615,56.71411007,2492,201,75,0.000432596,0.002542724,254.1887401,289.1032765,30.28214697,26277,104.2457267,0,2.085705,2.784307,,,
GM1960,West Betuwe,0.002538623,0,5975.395769,171.5102351,5165,546,14,0.006680027,0.007689501,436.3579058,199.2021948,30.8016132,29803,215.9265631,0,2.4343,3.880317,,,
GM0668,West Maas en Waal,0,0,1957.899538,61.97443555,1769,115,4,0.000565603,0.002778566,194.3501454,86.25189269,11.5898687,11939,76.18674151,0,0.999818,1.278184,,,
GM1969,Westerkwartier,0,0,7770.577538,322.4869567,5157,391,9,0.00017026,0.014458402,708.8023093,317.6044981,37.34871034,35948,362.633703,0,3.449119,3.233718,,,
GM1701,Westerveld,0,0,3945.255538,155.8136325,1730,65,3,0,0.006985759,459.3541837,165.1069015,11.75512579,12001,278.6491709,0,1.254905,1.090739,,,
GM0293,Westervoort,0,0,552.7516923,2.899918169,545,19,0,0,0.000130015,28.5621205,38.97067053,9.079419052,7632,7.013962651,0,0.462574,0.17958,,,
GM1950,Westerwolde,0,0,3735.976923,236.1801543,2154,79,12,0,0.010588917,439.9866117,212.0925585,15.30997596,15515,275.7696749,0,1.67964,1.625845,,,
GM1783,Westland,0,0,7600.976,48.19167996,9395,1031,39,0.243985506,0.002160629,223.8677634,278.930071,65.9831469,58286,80.75637123,7.725799377,3.321218,33.151767,,,
GM0098,Weststellingwerf,0.000536552,0,3518.004923,182.2376056,2146,93,24,4.00E-06,0.008170453,644.7798974,166.1711904,15.69942374,14856,220.1997305,0,1.508618,1.632473,,,
GM0189,Wierden,0.000426074,0,1727.788692,72.89430132,3945,98,15,0,0.003268148,234.430538,125.8564894,14.79476267,19795,94.60462956,0,1.001793,1.297638,,,
GM0296,Wijchen,0.001540359,0,2611.315077,43.81159324,2365,190,1,0.000203045,0.001964252,190.6821138,128.849688,24.88030578,22302,66.03894089,0,1.484765,1.817977,,,
GM1696,Wijdemeren,0,0,1716.002,26.55589144,1794,155,11,0.000173583,0.001190609,367.4429736,75.978441,14.58940643,14695,47.53737366,0,0.866486,0.794225,,,
GM0352,Wijk bij Duurstede,0,0,1525.401077,36.72100062,1183,41,8,0,0.001646352,125.4585214,79.81265338,14.43690816,12719,47.57690934,0,0.804302,0.608178,,,
GM0294,Winterswijk,0.001522144,0,3282.319462,103.8861538,1576,121,10,8.77E-05,0.004657639,251.6537861,131.2780505,17.56038871,14943,138.130666,0,1.295379,1.717978,,,
GM0873,Woensdrecht,0,0,2012.159769,41.96952466,1270,54,2,0.000120041,0.001881664,210.7249236,105.1135007,13.28496902,12788,91.65695355,0,0.902381,1.253933,,,
GM0632,Woerden,0.005209899,0,2864.289154,71.7566812,3238,306,10,0.005407259,0.003217144,279.8988367,154.4470402,31.71295746,25779,88.55493308,0,1.561089,2.384823,,,
GM1690,De Wolden,0,0,3090.023692,185.0162122,2239,125,5,0,0.008295029,391.0708246,223.271981,14.64834003,14855,224.3901197,0,1.539278,1.422012,,,
GM0880,Wormerland,0,0,832.6015385,32.27389727,951,30,1,0,0.00144697,144.8336134,48.54852938,9.920893583,8230,38.51407294,0,0.482727,0.473255,,,
GM0351,Woudenberg,0,0,874.2945385,22.52227481,1156,56,7,0,0.001009765,92.23797186,78.55000535,7.999172326,7079,36.52183991,0,0.442028,0.596817,,,
GM0479,Zaanstad,0.015339839,0,6921.701385,35.94357632,6995,263,67,0.000557483,0.001611497,414.4015481,402.9100588,94.70993301,68201,73.7406149,0,3.498931,3.695766,,,
GM0297,Zaltbommel,0.001295644,0,8030.801231,59.47117513,2498,252,2,0.025089958,0.002666335,192.2717761,109.7638098,17.28577031,15940,78.64963347,0,1.736221,4.543084,,,
GM0473,Zandvoort,0.002168382,0,1706.398923,0.105881717,667,14,1,0,4.75E-06,48.42503232,45.68043381,10.33525144,8059,32.07873504,10.2270558,0.52455,0.215479,,,
GM0050,Zeewolde,0,0,2519.630538,173.0782562,1430,98,0,0.000113555,0.007759802,959.8829714,219.134218,13.55411935,12579,247.1078886,0,0.663054,1.802805,,,
GM0355,Zeist,0.000706031,0,4910.841231,5.905604443,2351,47,1,0,0.000264772,130.3404021,185.2671039,38.84392249,32370,48.50066543,0,1.821482,1.240746,,,
GM0299,Zevenaar,0.00144176,0,2716.598462,67.88729468,2309,106,2,0.000314124,0.003043664,235.9044214,137.9245711,26.4216927,24878,92.61745821,0,1.646113,1.765181,,,
GM0637,Zoetermeer,0.002541395,1,5736.312615,7.012347242,3648,184,16,3.41E-06,0.000314392,239.1667817,335.4646095,75.91133124,58492,34.42941194,0,2.650503,1.882734,,,
GM0638,Zoeterwoude,0,0,630.7127692,17.50405035,670,62,0,0.000338157,0.000784778,58.92853814,26.88989099,5.133905982,4490,21.15530203,0,0.290719,0.643194,,,
GM1892,Zuidplas,0.001134876,0,3056.644154,41.03512023,2877,172,4,0.026034767,0.001839771,199.4022448,124.1291404,25.98060208,23432,57.95686909,0,1.24696,4.649076,,,
GM0879,Zundert,0,0,2539.489923,95.35570306,1902,135,2,0.007103866,0.004275184,237.9098677,131.1710333,13.13064806,13157,120.5902315,0,1.169241,2.316032,,,
GM0301,Zutphen,0.004261924,0,3311.786615,19.44432542,1704,141,4,0.00086797,0.000871768,132.7249366,139.1288281,28.92545916,22824,40.91939582,0,1.379042,1.431718,,,
GM1896,Zwartewaterland,0,0,1799.184923,67.65126429,2621,190,0,0,0.003033081,250.5599437,79.56188935,13.67198654,11741,82.35556428,0,0.841088,1.500194,,,
GM0642,Zwijndrecht,0.001713798,0,2239.274154,5.419071857,2019,105,0,0.0005388,0.000242959,88.15387113,119.0101575,27.12099753,22118,20.30732128,0,1.04609,1.373903,,,
GM0193,Zwolle,0.017017603,0,7842.489,66.07216188,5862,211,14,9.37E-05,0.002962284,383.9694057,357.3203293,77.46243916,58042,110.6724722,0,3.407882,3.473898,,,